osm_label,overture_label,affinity,s_lin,s_emp,n_confirmed
ATM,ATM,1.0,1.0,0.4671,78
ATM,Bank,0.8296,0.545,1.0,167
ATM,Other Financial,0.699,0.699,0.018,3
ATM,Home Service,0.3454,0.3454,0.0,0
ATM,Real Estate,0.331,0.331,0.0,0
ATM,Other Professional,0.3083,0.3083,0.0,0
ATM,Legal Service,0.3022,0.3022,0.0,0
ATM,Self-Storage,0.2617,0.2617,0.0,0
ATM,Print and Copy Shop,0.2529,0.2529,0.0,0
ATM,Laundromat,0.2459,0.2459,0.0,0
ATM,Childcare,0.2431,0.2431,0.0,0
ATM,Post Office,0.2414,0.2414,0.0,0
ATM,Funeral Services,0.2355,0.2355,0.0,0
ATM,Dry Cleaning,0.2254,0.2254,0.0,0
ATM,Other Amenity,0.215,0.215,0.0,0
ATM,Other Shop,0.1773,0.1773,0.0,0
Alternative Medicine,Alternative Medicine,1.0,1.0,0.239,414
Alternative Medicine,Other Healthcare,0.997,0.9455,1.0,1732
Alternative Medicine,Clinic,0.6932,0.6932,0.0191,33
Alternative Medicine,Dentist,0.5496,0.5496,0.0,0
Alternative Medicine,Mental Health,0.5391,0.5391,0.0035,6
Alternative Medicine,Counseling,0.5055,0.5055,0.0,0
Alternative Medicine,Eye Care,0.4861,0.4861,0.0,0
Alternative Medicine,Physical Therapy,0.485,0.485,0.0098,17
Alternative Medicine,Hospital,0.4105,0.4105,0.0006,1
Alternative Medicine,Speech Therapist,0.3974,0.3974,0.0,0
Alternative Medicine,Occupational Therapy,0.3922,0.3922,0.0,0
Alternative Medicine,Maternity Center,0.365,0.365,0.0,0
Alternative Medicine,Public Safety,0.3501,0.3501,0.0,0
Alternative Medicine,Cannabis Dispensary,0.3442,0.3442,0.0052,9
Alternative Medicine,Other Financial,0.3164,0.3164,0.0,0
Alternative Medicine,Massage Therapy,0.0001,0.0,0.0023,4
Animal Shelter,Animal Shelter,1.0,1.0,1.0,338
Animal Shelter,Pet Store,0.7812,0.7812,0.0296,10
Animal Shelter,Veterinarian,0.7104,0.7104,0.0148,5
Animal Shelter,Recreation,0.589,0.589,0.0355,12
Animal Shelter,Hair and Beauty,0.5098,0.5098,0.0,0
Animal Shelter,Massage Therapy,0.4635,0.4635,0.0,0
Animal Shelter,Tattoo and Piercing,0.401,0.401,0.0,0
Animal Shelter,Other Healthcare,0.3641,0.3641,0.0,0
Animal Shelter,Other Amenity,0.3611,0.3611,0.0,0
Animal Shelter,Fast Food,0.3604,0.3604,0.0,0
Animal Shelter,Other Professional,0.3549,0.3549,0.0,0
Animal Shelter,Specialty Store,0.331,0.331,0.0,0
Animal Shelter,Fitness Center,0.328,0.328,0.0,0
Animal Shelter,Community Center,0.0001,0.0,0.0059,2
Animal Shelter,Dog Park,0.0,0.0,0.003,1
Animal Shelter,Government Office,0.0,0.0,0.003,1
Arcade,Arcade,1.0,1.0,1.0,499
Arcade,Casino,0.8695,0.8695,0.022,11
Arcade,Recreation,0.8314,0.8314,0.1363,68
Arcade,Other Amenity,0.6682,0.6682,0.006,3
Arcade,Performing Arts,0.5865,0.5865,0.004,2
Arcade,Arts Venue,0.5754,0.5754,0.0,0
Arcade,Museum,0.5611,0.5611,0.002,1
Arcade,Event Venue,0.5367,0.5367,0.0,0
Arcade,Stadium,0.5362,0.5362,0.0,0
Arcade,Nightclub,0.5286,0.5286,0.002,1
Arcade,Movie Theater,0.5262,0.5262,0.004,2
Arcade,Social Club,0.5135,0.5135,0.0,0
Arcade,Bar,0.0009,0.0,0.014,7
Arcade,Restaurant,0.0003,0.0,0.008,4
Arcade,Bowling Alley,0.0,0.0,0.002,1
Arcade,Self-Storage,0.0,0.0,0.002,1
Arcade,Specialty Store,0.0,0.0,0.002,1
Arts Venue,Arts Venue,1.0,1.0,1.0,942
Arts Venue,Other Amenity,0.8057,0.8057,0.0541,51
Arts Venue,Performing Arts,0.6899,0.6899,0.155,146
Arts Venue,Museum,0.6549,0.6549,0.0913,86
Arts Venue,Event Venue,0.622,0.622,0.0117,11
Arts Venue,Stadium,0.6213,0.6213,0.0,0
Arts Venue,Nightclub,0.6111,0.6111,0.0,0
Arts Venue,Movie Theater,0.6079,0.6079,0.0042,4
Arts Venue,Recreation,0.6056,0.6056,0.0064,6
Arts Venue,Social Club,0.5911,0.5911,0.0,0
Arts Venue,Arcade,0.5754,0.5754,0.0,0
Arts Venue,Casino,0.5749,0.5749,0.0,0
Arts Venue,Community Center,0.0012,0.0,0.0117,11
Arts Venue,Historic Site,0.0,0.0,0.0011,1
Arts Venue,Other Professional,0.0,0.0,0.0021,2
Arts Venue,School,0.0,0.0,0.0021,2
Arts Venue,Specialty Store,0.0,0.0,0.0011,1
Arts Venue,University,0.0,0.0,0.0011,1
Bakery,Bakery,1.0,1.0,1.0,2751
Bakery,Fast Food,0.6815,0.6815,0.0105,29
Bakery,Dessert Shop,0.6642,0.6642,0.1174,323
Bakery,Cafe,0.6287,0.6287,0.0367,101
Bakery,Restaurant,0.5797,0.5797,0.0669,184
Bakery,Bar,0.5292,0.5292,0.0029,8
Bakery,Market,0.0,0.0,0.0004,1
Bakery,Other Professional,0.0,0.0,0.0004,1
Bakery,Specialty Store,0.0,0.0,0.0007,2
Bank,Bank,1.0,1.0,1.0,11558
Bank,Other Financial,0.712,0.712,0.0121,140
Bank,ATM,0.545,0.545,0.0323,373
Bank,Home Service,0.3517,0.3517,0.0,0
Bank,Real Estate,0.3368,0.3368,0.0,0
Bank,Other Professional,0.3133,0.3133,0.0001,1
Bank,Legal Service,0.307,0.307,0.0,0
Bank,Self-Storage,0.2653,0.2653,0.0,0
Bank,Print and Copy Shop,0.2563,0.2563,0.0,0
Bank,Laundromat,0.2491,0.2491,0.0,0
Bank,Childcare,0.2462,0.2462,0.0,0
Bank,Post Office,0.2445,0.2445,0.0,0
Bank,Funeral Services,0.2384,0.2384,0.0,0
Bank,Dry Cleaning,0.2281,0.2281,0.0,0
Bank,Other Amenity,0.2174,0.2174,0.0,0
Bank,Other Shop,0.179,0.179,0.0,0
Bar,Bar,1.0,1.0,1.0,9230
Bar,Restaurant,0.6353,0.6353,0.2193,2024
Bar,Fast Food,0.5507,0.5507,0.0013,12
Bar,Dessert Shop,0.5393,0.5393,0.0005,5
Bar,Bakery,0.5292,0.5292,0.0001,1
Bar,Cafe,0.5157,0.5157,0.0051,47
Bar,Performing Arts,0.0001,0.0,0.0009,8
Bar,Bowling Alley,0.0,0.0,0.0001,1
Bar,Community Center,0.0,0.0,0.0001,1
Bar,Convenience Store,0.0,0.0,0.0001,1
Bar,Florist,0.0,0.0,0.0001,1
Bar,Golf Course,0.0,0.0,0.0001,1
Bar,Hotel,0.0,0.0,0.0003,3
Bar,Legal Service,0.0,0.0,0.0001,1
Bar,Liquor Store,0.0,0.0,0.0002,2
Bar,Nightclub,0.0,0.0,0.0008,7
Bar,Other Professional,0.0,0.0,0.0001,1
Bar,Real Estate,0.0,0.0,0.0003,3
Bar,School,0.0,0.0,0.0001,1
Bar,Social Club,0.0,0.0,0.0001,1
Bar,Specialty Store,0.0,0.0,0.0001,1
Bike shop,Bike shop,1.0,1.0,1.0,1769
Bike shop,Sports Outlet,0.8459,0.8459,0.0413,73
Bike shop,Specialty Store,0.5264,0.5264,0.0006,1
Bike shop,Hardware,0.4688,0.4688,0.0,0
Bike shop,Florist,0.4251,0.4251,0.0,0
Bike shop,Car Repair,0.4109,0.4109,0.0028,5
Bike shop,Cell Phone Store,0.4081,0.4081,0.0,0
Bike shop,Other Shop,0.4057,0.4057,0.0096,17
Bike shop,Furniture Store,0.4047,0.4047,0.0,0
Bike shop,Pharmacy,0.4046,0.4046,0.0006,1
Bike shop,Bookstore,0.398,0.398,0.0,0
Bike shop,Garden Store,0.3864,0.3864,0.0,0
Bike shop,Pet Store,0.384,0.384,0.0,0
Bike shop,Cannabis Dispensary,0.3471,0.3471,0.0,0
Bike shop,Clothing Store,0.3339,0.3339,0.0,0
Bike shop,Car Dealer,0.3178,0.3178,0.0006,1
Bike shop,Convenience Store,0.3032,0.3032,0.0,0
Bike shop,Supermarket,0.3017,0.3017,0.0,0
Bike shop,Thrift Store,0.2989,0.2989,0.0,0
Bike shop,Discount Store,0.2902,0.2902,0.0,0
Bike shop,Jewelry Store,0.2864,0.2864,0.0,0
Bike shop,Liquor Store,0.2787,0.2787,0.0,0
Bike shop,Shoe Store,0.2749,0.2749,0.0,0
Bike shop,Market,0.2702,0.2702,0.0,0
Bike shop,Farmers Market,0.268,0.268,0.0,0
Bike shop,Shopping Center,0.2678,0.2678,0.0,0
Bike shop,Eye Care,0.2606,0.2606,0.0,0
Bike shop,Wholesale Store,0.2584,0.2584,0.0006,1
Bike shop,Cafe,0.0,0.0,0.0011,2
Bike shop,Campground,0.0,0.0,0.0006,1
Bike shop,Home Service,0.0,0.0,0.0006,1
Bike shop,Other Professional,0.0,0.0,0.0006,1
Bookstore,Bookstore,1.0,1.0,1.0,1646
Bookstore,Specialty Store,0.8754,0.8754,0.0097,16
Bookstore,Hardware,0.5417,0.5417,0.0,0
Bookstore,Other Shop,0.4849,0.4849,0.0006,1
Bookstore,Florist,0.4841,0.4841,0.0049,8
Bookstore,Sports Outlet,0.4675,0.4675,0.0,0
Bookstore,Car Repair,0.4658,0.4658,0.0,0
Bookstore,Cell Phone Store,0.4622,0.4622,0.0,0
Bookstore,Furniture Store,0.4578,0.4578,0.0006,1
Bookstore,Pharmacy,0.4577,0.4577,0.0,0
Bookstore,Garden Store,0.4345,0.4345,0.0,0
Bookstore,Pet Store,0.4315,0.4315,0.0,0
Bookstore,Bike shop,0.398,0.398,0.0,0
Bookstore,Clothing Store,0.3858,0.3858,0.0,0
Bookstore,Cannabis Dispensary,0.3854,0.3854,0.0,0
Bookstore,Car Dealer,0.3644,0.3644,0.0,0
Bookstore,Convenience Store,0.3454,0.3454,0.0,0
Bookstore,Supermarket,0.3434,0.3434,0.0,0
Bookstore,Thrift Store,0.3398,0.3398,0.0036,6
Bookstore,Discount Store,0.3285,0.3285,0.0,0
Bookstore,Jewelry Store,0.3237,0.3237,0.0,0
Bookstore,Liquor Store,0.3139,0.3139,0.0,0
Bookstore,Shoe Store,0.3091,0.3091,0.0,0
Bookstore,Market,0.3031,0.3031,0.0,0
Bookstore,Farmers Market,0.3003,0.3003,0.0,0
Bookstore,Shopping Center,0.3001,0.3001,0.0,0
Bookstore,Eye Care,0.2912,0.2912,0.0,0
Bookstore,Wholesale Store,0.2884,0.2884,0.0,0
Bookstore,Cafe,0.0,0.0,0.0006,1
Bookstore,Restaurant,0.0,0.0,0.0006,1
Bowling Alley,Bowling Alley,1.0,1.0,1.0,538
Bowling Alley,Recreation,0.6408,0.6408,0.0204,11
Bowling Alley,Fitness Center,0.5793,0.5793,0.0,0
Bowling Alley,Performing Arts,0.5278,0.5278,0.0,0
Bowling Alley,Golf Course,0.5057,0.5057,0.0,0
Bowling Alley,Swimming Pool,0.5025,0.5025,0.0,0
Bowling Alley,Park,0.5016,0.5016,0.0,0
Bowling Alley,Playground,0.3981,0.3981,0.0,0
Bowling Alley,Dog Park,0.3907,0.3907,0.0,0
Bowling Alley,Sports Outlet,0.3759,0.3759,0.0,0
Bowling Alley,Arcade,0.0004,0.0,0.0093,5
Bowling Alley,Bar,0.0001,0.0,0.0037,2
Bowling Alley,Restaurant,0.0,0.0,0.0019,1
Cafe,Cafe,1.0,1.0,1.0,16599
Cafe,Fast Food,0.6593,0.6593,0.0107,177
Cafe,Dessert Shop,0.6431,0.6431,0.0231,383
Cafe,Restaurant,0.6305,0.6305,0.0673,1117
Cafe,Bakery,0.6287,0.6287,0.0411,683
Cafe,Bar,0.5157,0.5157,0.0067,112
Cafe,Bank,0.0,0.0,0.0001,1
Cafe,Convenience Store,0.0,0.0,0.0001,2
Cafe,Legal Service,0.0,0.0,0.0001,1
Cafe,Market,0.0,0.0,0.0001,1
Cafe,Other Financial,0.0,0.0,0.0001,1
Cafe,Other Professional,0.0,0.0,0.0002,4
Cafe,Performing Arts,0.0,0.0,0.0001,1
Cafe,Pet Store,0.0,0.0,0.0002,4
Cafe,Place of Worship,0.0,0.0,0.0001,1
Cafe,Real Estate,0.0,0.0,0.0001,2
Cafe,Specialty Store,0.0,0.0,0.0002,4
Campground,Campground,1.0,1.0,1.0,2232
Campground,Hotel,0.7748,0.7748,0.0305,68
Campground,School,0.0002,0.0,0.0027,6
Campground,Car Dealer,0.0,0.0,0.0004,1
Campground,Car Repair,0.0,0.0,0.0004,1
Campground,Community Center,0.0,0.0,0.0004,1
Campground,Golf Course,0.0,0.0,0.0004,1
Campground,Marina,0.0,0.0,0.0009,2
Campground,Other Financial,0.0,0.0,0.0004,1
Campground,Recreation,0.0,0.0,0.0004,1
Campground,Restaurant,0.0,0.0,0.0004,1
Cannabis Dispensary,Cannabis Dispensary,1.0,1.0,1.0,1039
Cannabis Dispensary,Specialty Store,0.9237,0.9237,0.077,80
Cannabis Dispensary,Other Healthcare,0.7999,0.7999,0.0048,5
Cannabis Dispensary,Other Financial,0.6224,0.6224,0.0,0
Cannabis Dispensary,Hardware,0.4515,0.4515,0.0,0
Cannabis Dispensary,Clinic,0.419,0.419,0.0019,2
Cannabis Dispensary,Florist,0.4108,0.4108,0.0029,3
Cannabis Dispensary,Sports Outlet,0.3988,0.3988,0.0,0
Cannabis Dispensary,Car Repair,0.3975,0.3975,0.0,0
Cannabis Dispensary,Cell Phone Store,0.3949,0.3949,0.0,0
Cannabis Dispensary,Furniture Store,0.3917,0.3917,0.001,1
Cannabis Dispensary,Pharmacy,0.3916,0.3916,0.0019,2
Cannabis Dispensary,Other Shop,0.3876,0.3876,0.0173,18
Cannabis Dispensary,Bookstore,0.3854,0.3854,0.0,0
Cannabis Dispensary,Garden Store,0.3745,0.3745,0.0,0
Cannabis Dispensary,Pet Store,0.3723,0.3723,0.0,0
Cannabis Dispensary,Dentist,0.3536,0.3536,0.0,0
Cannabis Dispensary,Mental Health,0.3485,0.3485,0.0,0
Cannabis Dispensary,Bike shop,0.3471,0.3471,0.0,0
Cannabis Dispensary,Alternative Medicine,0.3442,0.3442,0.0115,12
Cannabis Dispensary,Counseling,0.3317,0.3317,0.0,0
Cannabis Dispensary,Eye Care,0.3219,0.3219,0.0,0
Cannabis Dispensary,Clothing Store,0.3216,0.3216,0.0029,3
Cannabis Dispensary,Physical Therapy,0.3213,0.3213,0.001,1
Cannabis Dispensary,Hospital,0.3192,0.3192,0.0,0
Cannabis Dispensary,Car Dealer,0.3066,0.3066,0.0,0
Cannabis Dispensary,Convenience Store,0.293,0.293,0.001,1
Cannabis Dispensary,Supermarket,0.2916,0.2916,0.0029,3
Cannabis Dispensary,Thrift Store,0.289,0.289,0.0,0
Cannabis Dispensary,Public Safety,0.2815,0.2815,0.0,0
Cannabis Dispensary,Discount Store,0.2808,0.2808,0.0,0
Cannabis Dispensary,Jewelry Store,0.2773,0.2773,0.001,1
Cannabis Dispensary,Speech Therapist,0.2744,0.2744,0.0,0
Cannabis Dispensary,Occupational Therapy,0.2714,0.2714,0.0,0
Cannabis Dispensary,Liquor Store,0.2701,0.2701,0.0,0
Cannabis Dispensary,Shoe Store,0.2665,0.2665,0.0,0
Cannabis Dispensary,Market,0.262,0.262,0.0,0
Cannabis Dispensary,Farmers Market,0.2599,0.2599,0.0,0
Cannabis Dispensary,Shopping Center,0.2598,0.2598,0.0,0
Cannabis Dispensary,Maternity Center,0.256,0.256,0.0,0
Cannabis Dispensary,Wholesale Store,0.2509,0.2509,0.0038,4
Cannabis Dispensary,Cafe,0.0,0.0,0.0019,2
Car Dealer,Car Dealer,1.0,1.0,1.0,5247
Car Dealer,Other Shop,0.5945,0.5945,0.001,5
Car Dealer,Specialty Store,0.5308,0.5308,0.0023,12
Car Dealer,Clothing Store,0.4522,0.4522,0.0,0
Car Dealer,Hardware,0.4522,0.4522,0.0,0
Car Dealer,Convenience Store,0.3976,0.3976,0.0,0
Car Dealer,Florist,0.3969,0.3969,0.0,0
Car Dealer,Supermarket,0.395,0.395,0.0,0
Car Dealer,Thrift Store,0.3902,0.3902,0.0,0
Car Dealer,Sports Outlet,0.3814,0.3814,0.0042,22
Car Dealer,Car Repair,0.3797,0.3797,0.0962,505
Car Dealer,Cell Phone Store,0.3764,0.3764,0.0,0
Car Dealer,Discount Store,0.3755,0.3755,0.0002,1
Car Dealer,Furniture Store,0.3723,0.3723,0.0,0
Car Dealer,Pharmacy,0.3722,0.3722,0.0,0
Car Dealer,Jewelry Store,0.3692,0.3692,0.0,0
Car Dealer,Bookstore,0.3644,0.3644,0.0,0
Car Dealer,Liquor Store,0.3565,0.3565,0.0,0
Car Dealer,Garden Store,0.3509,0.3509,0.0,0
Car Dealer,Shoe Store,0.3503,0.3503,0.0,0
Car Dealer,Pet Store,0.3481,0.3481,0.0,0
Car Dealer,Market,0.3427,0.3427,0.0,0
Car Dealer,Farmers Market,0.3391,0.3391,0.0,0
Car Dealer,Shopping Center,0.3388,0.3388,0.0,0
Car Dealer,Eye Care,0.3274,0.3274,0.0,0
Car Dealer,Wholesale Store,0.3239,0.3239,0.0,0
Car Dealer,Bike shop,0.3178,0.3178,0.0006,3
Car Dealer,Cannabis Dispensary,0.3066,0.3066,0.0,0
Car Dealer,Gas Station,0.0,0.0,0.0002,1
Car Dealer,Home Service,0.0,0.0,0.0002,1
Car Dealer,Other Financial,0.0,0.0,0.0002,1
Car Dealer,Real Estate,0.0,0.0,0.0002,1
Car Dealer,Self-Storage,0.0,0.0,0.0002,1
Car Repair,Car Repair,1.0,1.0,1.0,17597
Car Repair,Gas Station,0.7763,0.7763,0.0044,77
Car Repair,Car Wash,0.708,0.708,0.009,159
Car Repair,Tire Store,0.66,0.66,0.0282,496
Car Repair,Specialty Store,0.6519,0.6519,0.0055,97
Car Repair,Charging Station,0.5705,0.5705,0.0,0
Car Repair,Hardware,0.5659,0.5659,0.0002,4
Car Repair,Other Shop,0.5124,0.5124,0.0023,40
Car Repair,Florist,0.5034,0.5034,0.0,0
Car Repair,Sports Outlet,0.4855,0.4855,0.0004,7
Car Repair,Cell Phone Store,0.4797,0.4797,0.0,0
Car Repair,Furniture Store,0.475,0.475,0.0,0
Car Repair,Pharmacy,0.4748,0.4748,0.0001,1
Car Repair,Bookstore,0.4658,0.4658,0.0,0
Car Repair,Garden Store,0.45,0.45,0.0001,2
Car Repair,Pet Store,0.4467,0.4467,0.0,0
Car Repair,Bike shop,0.4109,0.4109,0.0001,2
Car Repair,Clothing Store,0.403,0.403,0.0001,2
Car Repair,Cannabis Dispensary,0.3975,0.3975,0.0,0
Car Repair,Car Dealer,0.3797,0.3797,0.0119,209
Car Repair,Convenience Store,0.3591,0.3591,0.0001,1
Car Repair,Supermarket,0.357,0.357,0.0,0
Car Repair,Thrift Store,0.3531,0.3531,0.0,0
Car Repair,Discount Store,0.341,0.341,0.0,0
Car Repair,Jewelry Store,0.3358,0.3358,0.0,0
Car Repair,Liquor Store,0.3253,0.3253,0.0,0
Car Repair,Shoe Store,0.3201,0.3201,0.0,0
Car Repair,Market,0.3137,0.3137,0.0,0
Car Repair,Farmers Market,0.3107,0.3107,0.0,0
Car Repair,Shopping Center,0.3105,0.3105,0.0,0
Car Repair,Eye Care,0.3009,0.3009,0.0001,1
Car Repair,Wholesale Store,0.2979,0.2979,0.0001,1
Car Repair,Home Service,0.0001,0.0,0.0007,13
Car Repair,ATM,0.0,0.0,0.0001,1
Car Repair,Legal Service,0.0,0.0,0.0001,1
Car Repair,Other Financial,0.0,0.0,0.0001,1
Car Repair,Real Estate,0.0,0.0,0.0001,1
Car Wash,Car Wash,1.0,1.0,1.0,1289
Car Wash,Car Repair,0.708,0.708,0.0186,24
Car Wash,Gas Station,0.5742,0.5742,0.0031,4
Car Wash,Tire Store,0.5188,0.5188,0.0,0
Car Wash,Charging Station,0.4533,0.4533,0.0,0
Casino,Casino,1.0,1.0,1.0,156
Casino,Arcade,0.8695,0.8695,0.0128,2
Casino,Recreation,0.8308,0.8308,0.1603,25
Casino,Other Amenity,0.6674,0.6674,0.0064,1
Casino,Performing Arts,0.5859,0.5859,0.0128,2
Casino,Arts Venue,0.5749,0.5749,0.0,0
Casino,Museum,0.5605,0.5605,0.0,0
Casino,Event Venue,0.5363,0.5363,0.0,0
Casino,Stadium,0.5357,0.5357,0.0,0
Casino,Nightclub,0.5281,0.5281,0.0,0
Casino,Movie Theater,0.5257,0.5257,0.0,0
Casino,Social Club,0.5131,0.5131,0.0,0
Casino,Hotel,0.0006,0.0,0.0192,3
Casino,Fast Food,0.0001,0.0,0.0064,1
Cell Phone Store,Cell Phone Store,1.0,1.0,1.0,2032
Cell Phone Store,Specialty Store,0.9375,0.9375,0.0379,77
Cell Phone Store,Hardware,0.5606,0.5606,0.0,0
Cell Phone Store,Other Shop,0.5064,0.5064,0.0,0
Cell Phone Store,Florist,0.4992,0.4992,0.0,0
Cell Phone Store,Sports Outlet,0.4816,0.4816,0.0,0
Cell Phone Store,Car Repair,0.4797,0.4797,0.0025,5
Cell Phone Store,Furniture Store,0.4713,0.4713,0.0,0
Cell Phone Store,Pharmacy,0.4711,0.4711,0.0,0
Cell Phone Store,Bookstore,0.4622,0.4622,0.0,0
Cell Phone Store,Garden Store,0.4467,0.4467,0.0,0
Cell Phone Store,Pet Store,0.4434,0.4434,0.0,0
Cell Phone Store,Bike shop,0.4081,0.4081,0.0,0
Cell Phone Store,Clothing Store,0.3993,0.3993,0.0,0
Cell Phone Store,Cannabis Dispensary,0.3949,0.3949,0.0,0
Cell Phone Store,Car Dealer,0.3764,0.3764,0.0,0
Cell Phone Store,Convenience Store,0.3561,0.3561,0.0,0
Cell Phone Store,Supermarket,0.354,0.354,0.0005,1
Cell Phone Store,Thrift Store,0.3502,0.3502,0.0,0
Cell Phone Store,Discount Store,0.3383,0.3383,0.0,0
Cell Phone Store,Jewelry Store,0.3332,0.3332,0.0,0
Cell Phone Store,Liquor Store,0.3228,0.3228,0.0,0
Cell Phone Store,Shoe Store,0.3177,0.3177,0.0,0
Cell Phone Store,Market,0.3114,0.3114,0.0,0
Cell Phone Store,Farmers Market,0.3085,0.3085,0.0,0
Cell Phone Store,Shopping Center,0.3082,0.3082,0.0,0
Cell Phone Store,Eye Care,0.2988,0.2988,0.0,0
Cell Phone Store,Wholesale Store,0.2958,0.2958,0.0,0
Cell Phone Store,Other Financial,0.0,0.0,0.001,2
Cell Phone Store,Other Professional,0.0,0.0,0.0005,1
Cemetery,Cemetery,1.0,1.0,1.0,26
Cemetery,Historic Site,0.8941,0.8941,0.0385,1
Cemetery,Place of Worship,0.4741,0.4741,0.0,0
Cemetery,Community Center,0.3377,0.3377,0.0385,1
Cemetery,Other Amenity,0.2576,0.2576,0.0,0
Cemetery,Funeral Services,0.0004,0.0,0.0385,1
Charging Station,Charging Station,1.0,1.0,1.0,17
Charging Station,Gas Station,0.7608,0.7608,0.0588,1
Charging Station,Car Repair,0.5705,0.5705,0.1176,2
Charging Station,Car Wash,0.4533,0.4533,0.0,0
Charging Station,Tire Store,0.4313,0.4313,0.0,0
Childcare,Childcare,1.0,1.0,0.4708,234
Childcare,Home Service,0.8831,0.302,1.0,497
Childcare,Funeral Services,0.8739,0.8739,0.0,0
Childcare,Other Professional,0.6869,0.6869,0.002,1
Childcare,Other Shop,0.6729,0.6729,0.0,0
Childcare,Kindergarten,0.3927,0.0,0.5392,268
Childcare,Other Financial,0.3069,0.3069,0.0,0
Childcare,Real Estate,0.2909,0.2909,0.0,0
Childcare,Legal Service,0.2684,0.2684,0.0,0
Childcare,Bank,0.2462,0.2462,0.0,0
Childcare,ATM,0.2431,0.2431,0.0,0
Childcare,Self-Storage,0.236,0.236,0.0,0
Childcare,Print and Copy Shop,0.2288,0.2288,0.0,0
Childcare,Laundromat,0.223,0.223,0.0,0
Childcare,Post Office,0.2194,0.2194,0.0,0
Childcare,Dry Cleaning,0.2061,0.2061,0.0,0
Childcare,Other Amenity,0.1973,0.1973,0.002,1
Childcare,Community Center,0.0,0.0,0.002,1
Childcare,School,0.0,0.0,0.002,1
Clinic,Clinic,1.0,1.0,0.9611,3505
Clinic,Other Healthcare,0.9979,0.9209,1.0,3647
Clinic,Public Safety,0.9261,0.9261,0.0005,2
Clinic,Hospital,0.9138,0.9138,0.1206,440
Clinic,Dentist,0.7262,0.7262,0.0217,79
Clinic,Mental Health,0.7081,0.7081,0.0389,142
Clinic,Alternative Medicine,0.6932,0.6932,0.0211,77
Clinic,Counseling,0.6511,0.6511,0.0027,10
Clinic,Eye Care,0.6193,0.6193,0.0727,265
Clinic,Physical Therapy,0.6175,0.6175,0.0414,151
Clinic,Speech Therapist,0.4822,0.4822,0.0016,6
Clinic,Occupational Therapy,0.4745,0.4745,0.0027,10
Clinic,Maternity Center,0.4354,0.4354,0.0022,8
Clinic,Cannabis Dispensary,0.419,0.419,0.0014,5
Clinic,Other Financial,0.3785,0.3785,0.0,0
Clinic,Community Center,0.0001,0.0,0.0014,5
Clinic,Massage Therapy,0.0001,0.0,0.0016,6
Clinic,Fitness Center,0.0,0.0,0.0003,1
Clinic,Hair and Beauty,0.0,0.0,0.0003,1
Clinic,Other Professional,0.0,0.0,0.0011,4
Clinic,Pharmacy,0.0,0.0,0.0005,2
Clinic,School,0.0,0.0,0.0003,1
Clinic,Specialty Store,0.0,0.0,0.0003,1
Clothing Store,Clothing Store,1.0,1.0,1.0,9723
Clothing Store,Jewelry Store,0.8056,0.8056,0.0021,20
Clothing Store,Shoe Store,0.7621,0.7621,0.0077,75
Clothing Store,Eye Care,0.7097,0.7097,0.0014,14
Clothing Store,Other Shop,0.6537,0.6537,0.0041,40
Clothing Store,Specialty Store,0.5775,0.5775,0.036,350
Clothing Store,Hardware,0.4857,0.4857,0.0013,13
Clothing Store,Car Dealer,0.4522,0.4522,0.0005,5
Clothing Store,Convenience Store,0.4232,0.4232,0.0,0
Clothing Store,Florist,0.4225,0.4225,0.0108,105
Clothing Store,Supermarket,0.4203,0.4203,0.0253,246
Clothing Store,Thrift Store,0.4149,0.4149,0.0447,435
Clothing Store,Sports Outlet,0.4049,0.4049,0.0259,252
Clothing Store,Car Repair,0.403,0.403,0.0022,21
Clothing Store,Cell Phone Store,0.3993,0.3993,0.0022,21
Clothing Store,Discount Store,0.3982,0.3982,0.1758,1709
Clothing Store,Furniture Store,0.3947,0.3947,0.0029,28
Clothing Store,Pharmacy,0.3945,0.3945,0.0004,4
Clothing Store,Bookstore,0.3858,0.3858,0.0011,11
Clothing Store,Liquor Store,0.377,0.377,0.0,0
Clothing Store,Garden Store,0.3707,0.3707,0.001,10
Clothing Store,Pet Store,0.3675,0.3675,0.0002,2
Clothing Store,Market,0.3615,0.3615,0.0,0
Clothing Store,Farmers Market,0.3576,0.3576,0.0,0
Clothing Store,Shopping Center,0.3572,0.3572,0.0002,2
Clothing Store,Wholesale Store,0.3407,0.3407,0.0002,2
Clothing Store,Bike shop,0.3339,0.3339,0.0002,2
Clothing Store,Cannabis Dispensary,0.3216,0.3216,0.0001,1
Clothing Store,ATM,0.0,0.0,0.0001,1
Clothing Store,Arts Venue,0.0,0.0,0.0001,1
Clothing Store,Cafe,0.0,0.0,0.0004,4
Clothing Store,Dry Cleaning,0.0,0.0,0.0001,1
Clothing Store,Fast Food,0.0,0.0,0.0001,1
Clothing Store,Home Service,0.0,0.0,0.0006,6
Clothing Store,Massage Therapy,0.0,0.0,0.0001,1
Clothing Store,Other Financial,0.0,0.0,0.0001,1
Clothing Store,Physical Therapy,0.0,0.0,0.0001,1
Clothing Store,Print and Copy Shop,0.0,0.0,0.0006,6
Clothing Store,Real Estate,0.0,0.0,0.0002,2
Community Center,Community Center,1.0,1.0,1.0,3252
Community Center,Government Office,0.7437,0.7437,0.0283,92
Community Center,Public Safety,0.6832,0.6832,0.0003,1
Community Center,Park,0.508,0.508,0.0031,10
Community Center,Place of Worship,0.4997,0.4997,0.0264,86
Community Center,Other Amenity,0.4739,0.4739,0.0031,10
Community Center,Historic Site,0.462,0.462,0.0132,43
Community Center,Public Restroom,0.4392,0.4392,0.0,0
Community Center,Cemetery,0.3377,0.3377,0.0,0
Community Center,Recreation,0.0002,0.0,0.0025,8
Community Center,Real Estate,0.0001,0.0,0.0015,5
Community Center,Alternative Medicine,0.0,0.0,0.0003,1
Community Center,Cafe,0.0,0.0,0.0003,1
Community Center,Childcare,0.0,0.0,0.0006,2
Community Center,Fast Food,0.0,0.0,0.0003,1
Community Center,Fitness Center,0.0,0.0,0.0003,1
Community Center,Kindergarten,0.0,0.0,0.0003,1
Community Center,Legal Service,0.0,0.0,0.0003,1
Community Center,Mental Health,0.0,0.0,0.0003,1
Community Center,Museum,0.0,0.0,0.0003,1
Community Center,Other Financial,0.0,0.0,0.0006,2
Community Center,Other Healthcare,0.0,0.0,0.0006,2
Community Center,Other Professional,0.0,0.0,0.0009,3
Community Center,Print and Copy Shop,0.0,0.0,0.0003,1
Community Center,School,0.0,0.0,0.0003,1
Convenience Store,Convenience Store,1.0,1.0,1.0,7815
Convenience Store,Other Shop,0.5455,0.5455,0.0035,27
Convenience Store,Specialty Store,0.4914,0.4914,0.022,172
Convenience Store,Hardware,0.4233,0.4233,0.0014,11
Convenience Store,Clothing Store,0.4232,0.4232,0.0009,7
Convenience Store,Car Dealer,0.3976,0.3976,0.0,0
Convenience Store,Florist,0.3745,0.3745,0.0013,10
Convenience Store,Supermarket,0.3728,0.3728,0.0568,444
Convenience Store,Thrift Store,0.3685,0.3685,0.0001,1
Convenience Store,Sports Outlet,0.3606,0.3606,0.0019,15
Convenience Store,Car Repair,0.3591,0.3591,0.0012,9
Convenience Store,Cell Phone Store,0.3561,0.3561,0.0004,3
Convenience Store,Discount Store,0.3553,0.3553,0.0022,17
Convenience Store,Furniture Store,0.3525,0.3525,0.0003,2
Convenience Store,Pharmacy,0.3524,0.3524,0.0037,29
Convenience Store,Jewelry Store,0.3497,0.3497,0.0,0
Convenience Store,Bookstore,0.3454,0.3454,0.0004,3
Convenience Store,Liquor Store,0.3383,0.3383,0.0042,33
Convenience Store,Garden Store,0.3332,0.3332,0.0003,2
Convenience Store,Shoe Store,0.3327,0.3327,0.0,0
Convenience Store,Pet Store,0.3307,0.3307,0.0003,2
Convenience Store,Market,0.3258,0.3258,0.0003,2
Convenience Store,Farmers Market,0.3226,0.3226,0.0017,13
Convenience Store,Shopping Center,0.3223,0.3223,0.0001,1
Convenience Store,Eye Care,0.312,0.312,0.0,0
Convenience Store,Wholesale Store,0.3088,0.3088,0.0003,2
Convenience Store,Bike shop,0.3032,0.3032,0.0,0
Convenience Store,Cannabis Dispensary,0.293,0.293,0.0001,1
Convenience Store,Gas Station,0.0006,0.0,0.0029,23
Convenience Store,Fast Food,0.0001,0.0,0.001,8
Convenience Store,ATM,0.0,0.0,0.0004,3
Convenience Store,Bakery,0.0,0.0,0.0001,1
Convenience Store,Bar,0.0,0.0,0.0001,1
Convenience Store,Cafe,0.0,0.0,0.0005,4
Convenience Store,Legal Service,0.0,0.0,0.0001,1
Convenience Store,Real Estate,0.0,0.0,0.0001,1
Convenience Store,Restaurant,0.0,0.0,0.0005,4
Counseling,Counseling,1.0,1.0,0.1346,21
Counseling,Mental Health,0.9366,0.9366,0.4744,74
Counseling,Other Healthcare,0.8373,0.5836,1.0,156
Counseling,Clinic,0.6511,0.6511,0.0641,10
Counseling,Dentist,0.5228,0.5228,0.0,0
Counseling,Alternative Medicine,0.5055,0.5055,0.0192,3
Counseling,Eye Care,0.465,0.465,0.0,0
Counseling,Physical Therapy,0.464,0.464,0.0962,15
Counseling,Hospital,0.3929,0.3929,0.0,0
Counseling,Speech Therapist,0.3832,0.3832,0.0064,1
Counseling,Occupational Therapy,0.3783,0.3783,0.0064,1
Counseling,Maternity Center,0.353,0.353,0.0,0
Counseling,Public Safety,0.3372,0.3372,0.0,0
Counseling,Cannabis Dispensary,0.3317,0.3317,0.0,0
Counseling,Other Financial,0.3058,0.3058,0.0,0
Dentist,Dentist,1.0,1.0,1.0,6756
Dentist,Clinic,0.7262,0.7262,0.0019,13
Dentist,Other Healthcare,0.6546,0.6546,0.0246,166
Dentist,Mental Health,0.5589,0.5589,0.0,0
Dentist,Alternative Medicine,0.5496,0.5496,0.0,0
Dentist,Counseling,0.5228,0.5228,0.0,0
Dentist,Eye Care,0.5021,0.5021,0.0,0
Dentist,Physical Therapy,0.5009,0.5009,0.0006,4
Dentist,Hospital,0.4238,0.4238,0.0,0
Dentist,Speech Therapist,0.408,0.408,0.0,0
Dentist,Occupational Therapy,0.4025,0.4025,0.0,0
Dentist,Maternity Center,0.374,0.374,0.0,0
Dentist,Public Safety,0.3598,0.3598,0.0,0
Dentist,Cannabis Dispensary,0.3536,0.3536,0.0,0
Dentist,Other Financial,0.3243,0.3243,0.0001,1
Dentist,Community Center,0.0,0.0,0.0001,1
Dentist,Legal Service,0.0,0.0,0.0003,2
Dentist,Real Estate,0.0,0.0,0.0001,1
Dentist,School,0.0,0.0,0.0001,1
Dessert Shop,Dessert Shop,1.0,1.0,1.0,2995
Dessert Shop,Fast Food,0.6985,0.6985,0.0043,13
Dessert Shop,Bakery,0.6642,0.6642,0.002,6
Dessert Shop,Cafe,0.6431,0.6431,0.0184,55
Dessert Shop,Restaurant,0.5986,0.5986,0.0174,52
Dessert Shop,Bar,0.5393,0.5393,0.0007,2
Dessert Shop,Other Financial,0.0,0.0,0.0003,1
Discount Store,Discount Store,1.0,1.0,1.0,10237
Discount Store,Other Shop,0.5047,0.5047,0.0011,11
Discount Store,Specialty Store,0.458,0.458,0.0027,28
Discount Store,Hardware,0.3983,0.3983,0.0008,8
Discount Store,Clothing Store,0.3982,0.3982,0.0027,28
Discount Store,Car Dealer,0.3755,0.3755,0.0,0
Discount Store,Convenience Store,0.3553,0.3553,0.0082,84
Discount Store,Florist,0.3548,0.3548,0.0023,24
Discount Store,Supermarket,0.3532,0.3532,0.0004,4
Discount Store,Thrift Store,0.3494,0.3494,0.0012,12
Discount Store,Sports Outlet,0.3423,0.3423,0.0004,4
Discount Store,Car Repair,0.341,0.341,0.0001,1
Discount Store,Cell Phone Store,0.3383,0.3383,0.0,0
Discount Store,Furniture Store,0.335,0.335,0.0011,11
Discount Store,Pharmacy,0.3349,0.3349,0.0001,1
Discount Store,Jewelry Store,0.3325,0.3325,0.0,0
Discount Store,Bookstore,0.3285,0.3285,0.0001,1
Discount Store,Liquor Store,0.3221,0.3221,0.0,0
Discount Store,Garden Store,0.3175,0.3175,0.0,0
Discount Store,Shoe Store,0.3171,0.3171,0.0,0
Discount Store,Pet Store,0.3152,0.3152,0.0,0
Discount Store,Market,0.3108,0.3108,0.0,0
Discount Store,Farmers Market,0.3078,0.3078,0.0,0
Discount Store,Shopping Center,0.3076,0.3076,0.0,0
Discount Store,Eye Care,0.2982,0.2982,0.0,0
Discount Store,Wholesale Store,0.2953,0.2953,0.0001,1
Discount Store,Bike shop,0.2902,0.2902,0.0,0
Discount Store,Cannabis Dispensary,0.2808,0.2808,0.0,0
Discount Store,Other Healthcare,0.0,0.0,0.0001,1
Dog Park,Dog Park,1.0,1.0,1.0,103
Dog Park,Park,0.7194,0.7194,0.0583,6
Dog Park,Playground,0.5724,0.5724,0.0,0
Dog Park,Recreation,0.5582,0.5582,0.0,0
Dog Park,Fitness Center,0.479,0.479,0.0,0
Dog Park,Performing Arts,0.4368,0.4368,0.0,0
Dog Park,Golf Course,0.4187,0.4187,0.0,0
Dog Park,Swimming Pool,0.4161,0.4161,0.0,0
Dog Park,Bowling Alley,0.3907,0.3907,0.0,0
Dog Park,Sports Outlet,0.3727,0.3727,0.0,0
Dry Cleaning,Dry Cleaning,1.0,1.0,1.0,810
Dry Cleaning,Laundromat,0.9232,0.9232,0.1296,105
Dry Cleaning,Other Financial,0.2793,0.2793,0.0012,1
Dry Cleaning,Home Service,0.2752,0.2752,0.0148,12
Dry Cleaning,Real Estate,0.266,0.266,0.0,0
Dry Cleaning,Other Professional,0.2511,0.2511,0.0,0
Dry Cleaning,Legal Service,0.2471,0.2471,0.0,0
Dry Cleaning,Bank,0.2281,0.2281,0.0,0
Dry Cleaning,ATM,0.2254,0.2254,0.0,0
Dry Cleaning,Self-Storage,0.2193,0.2193,0.0,0
Dry Cleaning,Print and Copy Shop,0.2131,0.2131,0.0,0
Dry Cleaning,Childcare,0.2061,0.2061,0.0,0
Dry Cleaning,Post Office,0.2049,0.2049,0.0,0
Dry Cleaning,Funeral Services,0.2006,0.2006,0.0,0
Dry Cleaning,Other Amenity,0.1855,0.1855,0.0,0
Dry Cleaning,Other Shop,0.1568,0.1568,0.0012,1
Event Venue,Event Venue,1.0,1.0,0.7778,105
Event Venue,Performing Arts,0.8447,0.635,1.0,135
Event Venue,Other Amenity,0.7318,0.7318,0.0741,10
Event Venue,Arts Venue,0.622,0.622,0.0593,8
Event Venue,Museum,0.6053,0.6053,0.0519,7
Event Venue,Stadium,0.5764,0.5764,0.0074,1
Event Venue,Nightclub,0.5676,0.5676,0.0222,3
Event Venue,Movie Theater,0.5649,0.5649,0.0148,2
Event Venue,Recreation,0.5629,0.5629,0.1926,26
Event Venue,Social Club,0.5503,0.5503,0.0148,2
Event Venue,Arcade,0.5367,0.5367,0.0296,4
Event Venue,Casino,0.5363,0.5363,0.0,0
Event Venue,Community Center,0.0003,0.0,0.0148,2
Event Venue,Library,0.0001,0.0,0.0074,1
Eye Care,Eye Care,1.0,1.0,1.0,2491
Eye Care,Clothing Store,0.7097,0.7097,0.0016,4
Eye Care,Clinic,0.6193,0.6193,0.0028,7
Eye Care,Jewelry Store,0.6059,0.6059,0.0,0
Eye Care,Shoe Store,0.5809,0.5809,0.0,0
Eye Care,Other Healthcare,0.5537,0.5537,0.0064,16
Eye Care,Dentist,0.5021,0.5021,0.0004,1
Eye Care,Mental Health,0.4933,0.4933,0.0,0
Eye Care,Alternative Medicine,0.4861,0.4861,0.0,0
Eye Care,Counseling,0.465,0.465,0.0,0
Eye Care,Physical Therapy,0.4476,0.4476,0.0,0
Eye Care,Other Shop,0.4216,0.4216,0.0032,8
Eye Care,Specialty Store,0.3885,0.3885,0.0008,2
Eye Care,Hospital,0.3791,0.3791,0.0,0
Eye Care,Speech Therapist,0.372,0.372,0.0,0
Eye Care,Occupational Therapy,0.3674,0.3674,0.0,0
Eye Care,Hardware,0.3447,0.3447,0.0,0
Eye Care,Maternity Center,0.3435,0.3435,0.0,0
Eye Care,Car Dealer,0.3274,0.3274,0.0,0
Eye Care,Public Safety,0.327,0.327,0.0,0
Eye Care,Cannabis Dispensary,0.3219,0.3219,0.0,0
Eye Care,Convenience Store,0.312,0.312,0.0,0
Eye Care,Florist,0.3116,0.3116,0.0,0
Eye Care,Supermarket,0.3104,0.3104,0.0,0
Eye Care,Thrift Store,0.3074,0.3074,0.0,0
Eye Care,Sports Outlet,0.3019,0.3019,0.0004,1
Eye Care,Car Repair,0.3009,0.3009,0.0004,1
Eye Care,Cell Phone Store,0.2988,0.2988,0.0,0
Eye Care,Discount Store,0.2982,0.2982,0.0,0
Eye Care,Other Financial,0.2974,0.2974,0.0,0
Eye Care,Furniture Store,0.2962,0.2962,0.0,0
Eye Care,Pharmacy,0.2961,0.2961,0.0,0
Eye Care,Bookstore,0.2912,0.2912,0.0,0
Eye Care,Liquor Store,0.2861,0.2861,0.0,0
Eye Care,Garden Store,0.2825,0.2825,0.0,0
Eye Care,Pet Store,0.2806,0.2806,0.0,0
Eye Care,Market,0.2771,0.2771,0.0,0
Eye Care,Farmers Market,0.2748,0.2748,0.0,0
Eye Care,Shopping Center,0.2746,0.2746,0.0,0
Eye Care,Wholesale Store,0.2647,0.2647,0.0,0
Eye Care,Bike shop,0.2606,0.2606,0.0,0
Farmers Market,Farmers Market,1.0,1.0,1.0,180
Farmers Market,Market,0.9913,0.9913,0.0,0
Farmers Market,Other Shop,0.4411,0.4411,0.0,0
Farmers Market,Specialty Store,0.405,0.405,0.0222,4
Farmers Market,Clothing Store,0.3576,0.3576,0.0,0
Farmers Market,Hardware,0.3576,0.3576,0.0,0
Farmers Market,Car Dealer,0.3391,0.3391,0.0,0
Farmers Market,Convenience Store,0.3226,0.3226,0.0,0
Farmers Market,Florist,0.3221,0.3221,0.0,0
Farmers Market,Supermarket,0.3209,0.3209,0.0278,5
Farmers Market,Thrift Store,0.3177,0.3177,0.0,0
Farmers Market,Sports Outlet,0.3118,0.3118,0.0,0
Farmers Market,Car Repair,0.3107,0.3107,0.0,0
Farmers Market,Cell Phone Store,0.3085,0.3085,0.0,0
Farmers Market,Discount Store,0.3078,0.3078,0.0,0
Farmers Market,Furniture Store,0.3057,0.3057,0.0,0
Farmers Market,Pharmacy,0.3056,0.3056,0.0,0
Farmers Market,Jewelry Store,0.3036,0.3036,0.0,0
Farmers Market,Bookstore,0.3003,0.3003,0.0,0
Farmers Market,Liquor Store,0.295,0.295,0.0,0
Farmers Market,Garden Store,0.2911,0.2911,0.0111,2
Farmers Market,Shoe Store,0.2907,0.2907,0.0,0
Farmers Market,Pet Store,0.2892,0.2892,0.0056,1
Farmers Market,Shopping Center,0.2828,0.2828,0.0,0
Farmers Market,Eye Care,0.2748,0.2748,0.0,0
Farmers Market,Wholesale Store,0.2723,0.2723,0.0,0
Farmers Market,Bike shop,0.268,0.268,0.0,0
Farmers Market,Cannabis Dispensary,0.2599,0.2599,0.0,0
Fast Food,Fast Food,1.0,1.0,1.0,55724
Fast Food,Other Amenity,0.998,0.998,0.0,1
Fast Food,Dessert Shop,0.6985,0.6985,0.0768,4280
Fast Food,Bakery,0.6815,0.6815,0.0389,2166
Fast Food,Cafe,0.6593,0.6593,0.0625,3482
Fast Food,Restaurant,0.6212,0.6212,0.5118,28522
Fast Food,Bar,0.5507,0.5507,0.0009,51
Fast Food,Hair and Beauty,0.5014,0.5014,0.0,1
Fast Food,Massage Therapy,0.4565,0.4565,0.0,0
Fast Food,Pet Store,0.4381,0.4381,0.0,0
Fast Food,Veterinarian,0.3989,0.3989,0.0,0
Fast Food,Tattoo and Piercing,0.3958,0.3958,0.0,1
Fast Food,Animal Shelter,0.3604,0.3604,0.0,0
Fast Food,Other Healthcare,0.3598,0.3598,0.0002,9
Fast Food,Other Professional,0.3508,0.3508,0.0,1
Fast Food,Recreation,0.3315,0.3315,0.0,0
Fast Food,Specialty Store,0.3274,0.3274,0.0028,158
Fast Food,Fitness Center,0.3245,0.3245,0.0,1
Fast Food,Florist,0.0,0.0,0.0,1
Fast Food,Legal Service,0.0,0.0,0.0,2
Fast Food,Other Financial,0.0,0.0,0.0,2
Fast Food,Other Shop,0.0,0.0,0.0,1
Fast Food,Supermarket,0.0,0.0,0.0001,3
Fitness Center,Fitness Center,1.0,1.0,1.0,6675
Fitness Center,Recreation,0.9808,0.9808,0.036,240
Fitness Center,Performing Arts,0.6666,0.6666,0.0051,34
Fitness Center,Park,0.6571,0.6571,0.0003,2
Fitness Center,Massage Therapy,0.6383,0.6383,0.0057,38
Fitness Center,Golf Course,0.6318,0.6318,0.0,0
Fitness Center,Swimming Pool,0.6268,0.6268,0.0001,1
Fitness Center,Bowling Alley,0.5793,0.5793,0.0,0
Fitness Center,Other Healthcare,0.5153,0.5153,0.0036,24
Fitness Center,Playground,0.4903,0.4903,0.0,0
Fitness Center,Dog Park,0.479,0.479,0.0,0
Fitness Center,Sports Outlet,0.457,0.457,0.0013,9
Fitness Center,Hair and Beauty,0.4408,0.4408,0.0003,2
Fitness Center,Pet Store,0.3911,0.3911,0.0,0
Fitness Center,Veterinarian,0.3595,0.3595,0.0,0
Fitness Center,Tattoo and Piercing,0.357,0.357,0.0,0
Fitness Center,Animal Shelter,0.328,0.328,0.0,0
Fitness Center,Other Amenity,0.3251,0.3251,0.0003,2
Fitness Center,Fast Food,0.3245,0.3245,0.0,0
Fitness Center,Other Professional,0.32,0.32,0.0028,19
Fitness Center,Specialty Store,0.3004,0.3004,0.0001,1
Fitness Center,Community Center,0.0001,0.0,0.0009,6
Fitness Center,Home Service,0.0,0.0,0.0001,1
Florist,Florist,1.0,1.0,1.0,1563
Florist,Specialty Store,0.8687,0.8687,0.0064,10
Florist,Hardware,0.5932,0.5932,0.0019,3
Florist,Other Shop,0.5443,0.5443,0.0013,2
Florist,Sports Outlet,0.5054,0.5054,0.0,0
Florist,Car Repair,0.5034,0.5034,0.0,0
Florist,Cell Phone Store,0.4992,0.4992,0.0,0
Florist,Furniture Store,0.4941,0.4941,0.0,0
Florist,Pharmacy,0.4939,0.4939,0.0,0
Florist,Bookstore,0.4841,0.4841,0.0,0
Florist,Garden Store,0.4671,0.4671,0.0186,29
Florist,Pet Store,0.4635,0.4635,0.0,0
Florist,Bike shop,0.4251,0.4251,0.0,0
Florist,Clothing Store,0.4225,0.4225,0.0019,3
Florist,Cannabis Dispensary,0.4108,0.4108,0.0013,2
Florist,Car Dealer,0.3969,0.3969,0.0,0
Florist,Convenience Store,0.3745,0.3745,0.0,0
Florist,Supermarket,0.3722,0.3722,0.0,0
Florist,Thrift Store,0.3679,0.3679,0.0,0
Florist,Discount Store,0.3548,0.3548,0.0,0
Florist,Jewelry Store,0.3492,0.3492,0.0,0
Florist,Liquor Store,0.3378,0.3378,0.0,0
Florist,Shoe Store,0.3322,0.3322,0.0,0
Florist,Market,0.3253,0.3253,0.0,0
Florist,Farmers Market,0.3221,0.3221,0.0013,2
Florist,Shopping Center,0.3219,0.3219,0.0,0
Florist,Eye Care,0.3116,0.3116,0.0,0
Florist,Wholesale Store,0.3084,0.3084,0.0013,2
Florist,Home Service,0.0,0.0,0.0006,1
Funeral Services,Funeral Services,1.0,1.0,1.0,1462
Funeral Services,Childcare,0.8739,0.8739,0.0,0
Funeral Services,Other Professional,0.672,0.672,0.0007,1
Funeral Services,Other Shop,0.6585,0.6585,0.0,0
Funeral Services,Other Financial,0.2949,0.2949,0.0007,1
Funeral Services,Home Service,0.2904,0.2904,0.0,0
Funeral Services,Real Estate,0.2801,0.2801,0.0,0
Funeral Services,Legal Service,0.2592,0.2592,0.0,0
Funeral Services,Bank,0.2384,0.2384,0.0,0
Funeral Services,ATM,0.2355,0.2355,0.0,0
Funeral Services,Self-Storage,0.2288,0.2288,0.0,0
Funeral Services,Print and Copy Shop,0.2221,0.2221,0.0,0
Funeral Services,Laundromat,0.2167,0.2167,0.0,0
Funeral Services,Post Office,0.2132,0.2132,0.0,0
Funeral Services,Dry Cleaning,0.2006,0.2006,0.0,0
Funeral Services,Other Amenity,0.1923,0.1923,0.0,0
Funeral Services,Veterinarian,0.0,0.0,0.0007,1
Furniture Store,Furniture Store,1.0,1.0,1.0,2078
Furniture Store,Hardware,0.8127,0.8127,0.0279,58
Furniture Store,Garden Store,0.649,0.649,0.0019,4
Furniture Store,Specialty Store,0.6364,0.6364,0.039,81
Furniture Store,Other Shop,0.499,0.499,0.0443,92
Furniture Store,Florist,0.4941,0.4941,0.0053,11
Furniture Store,Sports Outlet,0.4769,0.4769,0.0048,10
Furniture Store,Car Repair,0.475,0.475,0.001,2
Furniture Store,Cell Phone Store,0.4713,0.4713,0.0,0
Furniture Store,Pharmacy,0.4666,0.4666,0.0,0
Furniture Store,Bookstore,0.4578,0.4578,0.0005,1
Furniture Store,Pet Store,0.4394,0.4394,0.0,0
Furniture Store,Bike shop,0.4047,0.4047,0.0,0
Furniture Store,Clothing Store,0.3947,0.3947,0.0111,23
Furniture Store,Cannabis Dispensary,0.3917,0.3917,0.0005,1
Furniture Store,Car Dealer,0.3723,0.3723,0.0005,1
Furniture Store,Convenience Store,0.3525,0.3525,0.0,0
Furniture Store,Supermarket,0.3505,0.3505,0.0,0
Furniture Store,Thrift Store,0.3467,0.3467,0.0241,50
Furniture Store,Discount Store,0.335,0.335,0.0019,4
Furniture Store,Jewelry Store,0.33,0.33,0.001,2
Furniture Store,Liquor Store,0.3198,0.3198,0.0,0
Furniture Store,Shoe Store,0.3148,0.3148,0.0,0
Furniture Store,Market,0.3086,0.3086,0.0005,1
Furniture Store,Farmers Market,0.3057,0.3057,0.0,0
Furniture Store,Shopping Center,0.3055,0.3055,0.0,0
Furniture Store,Eye Care,0.2962,0.2962,0.0,0
Furniture Store,Wholesale Store,0.2933,0.2933,0.0,0
Furniture Store,Home Service,0.0008,0.0,0.0067,14
Furniture Store,Legal Service,0.0,0.0,0.0005,1
Furniture Store,Other Healthcare,0.0,0.0,0.0005,1
Garden Store,Garden Store,1.0,1.0,1.0,716
Garden Store,Hardware,0.7632,0.7632,0.0349,25
Garden Store,Furniture Store,0.649,0.649,0.0028,2
Garden Store,Specialty Store,0.5923,0.5923,0.014,10
Garden Store,Florist,0.4671,0.4671,0.0684,49
Garden Store,Other Shop,0.4612,0.4612,0.0168,12
Garden Store,Sports Outlet,0.4516,0.4516,0.0014,1
Garden Store,Car Repair,0.45,0.45,0.0014,1
Garden Store,Cell Phone Store,0.4467,0.4467,0.0,0
Garden Store,Pharmacy,0.4424,0.4424,0.0,0
Garden Store,Bookstore,0.4345,0.4345,0.0,0
Garden Store,Pet Store,0.4179,0.4179,0.014,10
Garden Store,Bike shop,0.3864,0.3864,0.0,0
Garden Store,Cannabis Dispensary,0.3745,0.3745,0.0,0
Garden Store,Clothing Store,0.3707,0.3707,0.0028,2
Garden Store,Car Dealer,0.3509,0.3509,0.0,0
Garden Store,Convenience Store,0.3332,0.3332,0.0,0
Garden Store,Supermarket,0.3314,0.3314,0.0014,1
Garden Store,Thrift Store,0.328,0.328,0.0,0
Garden Store,Discount Store,0.3175,0.3175,0.0,0
Garden Store,Jewelry Store,0.313,0.313,0.0,0
Garden Store,Liquor Store,0.3039,0.3039,0.0014,1
Garden Store,Shoe Store,0.2993,0.2993,0.0,0
Garden Store,Market,0.2937,0.2937,0.0,0
Garden Store,Farmers Market,0.2911,0.2911,0.014,10
Garden Store,Shopping Center,0.2909,0.2909,0.0,0
Garden Store,Eye Care,0.2825,0.2825,0.0,0
Garden Store,Wholesale Store,0.2798,0.2798,0.0028,2
Garden Store,Home Service,0.0001,0.0,0.0042,3
Gas Station,Gas Station,1.0,1.0,1.0,6599
Gas Station,Car Repair,0.7763,0.7763,0.0061,40
Gas Station,Charging Station,0.7608,0.7608,0.0002,1
Gas Station,Car Wash,0.5742,0.5742,0.0014,9
Gas Station,Tire Store,0.5393,0.5393,0.0002,1
Gas Station,Convenience Store,0.0009,0.0,0.0041,27
Gas Station,ATM,0.0,0.0,0.0005,3
Gas Station,Specialty Store,0.0,0.0,0.0002,1
Gas Station,Supermarket,0.0,0.0,0.0003,2
Golf Course,Golf Course,1.0,1.0,1.0,1212
Golf Course,Recreation,0.7057,0.7057,0.0842,102
Golf Course,Fitness Center,0.6318,0.6318,0.0025,3
Golf Course,Performing Arts,0.571,0.571,0.0008,1
Golf Course,Park,0.5488,0.5488,0.0033,4
Golf Course,Swimming Pool,0.5416,0.5416,0.0,0
Golf Course,Bowling Alley,0.5057,0.5057,0.0,0
Golf Course,Playground,0.4273,0.4273,0.0,0
Golf Course,Dog Park,0.4187,0.4187,0.0,0
Golf Course,Sports Outlet,0.4019,0.4019,0.0033,4
Golf Course,Community Center,0.0001,0.0,0.0025,3
Golf Course,Bar,0.0,0.0,0.0008,1
Golf Course,Historic Site,0.0,0.0,0.0008,1
Golf Course,Home Service,0.0,0.0,0.0008,1
Golf Course,Hotel,0.0,0.0,0.0008,1
Golf Course,Real Estate,0.0,0.0,0.0008,1
Golf Course,Restaurant,0.0,0.0,0.0008,1
Government Office,Government Office,1.0,1.0,1.0,2895
Government Office,Community Center,0.7437,0.7437,0.0718,208
Government Office,Public Safety,0.6345,0.6345,0.0259,75
Government Office,School,0.5493,0.5493,0.0152,44
Government Office,Park,0.4806,0.4806,0.0076,22
Government Office,University,0.4654,0.4654,0.0017,5
Government Office,Kindergarten,0.4579,0.4579,0.0,0
Government Office,Library,0.4508,0.4508,0.0014,4
Government Office,Other Amenity,0.45,0.45,0.0007,2
Government Office,Public Restroom,0.4186,0.4186,0.0,0
Government Office,Other Professional,0.4147,0.4147,0.0048,14
Government Office,Other Healthcare,0.0001,0.0,0.0014,4
Government Office,Real Estate,0.0001,0.0,0.0017,5
Government Office,Car Repair,0.0,0.0,0.0003,1
Government Office,Casino,0.0,0.0,0.0003,1
Government Office,Fitness Center,0.0,0.0,0.0003,1
Government Office,Home Service,0.0,0.0,0.001,3
Government Office,Hotel,0.0,0.0,0.0003,1
Government Office,Legal Service,0.0,0.0,0.0007,2
Government Office,Other Financial,0.0,0.0,0.0007,2
Government Office,Recreation,0.0,0.0,0.0003,1
Hair and Beauty,Hair and Beauty,1.0,1.0,1.0,16351
Hair and Beauty,Massage Therapy,0.726,0.726,0.0771,1260
Hair and Beauty,Tattoo and Piercing,0.6895,0.6895,0.001,17
Hair and Beauty,Pet Store,0.6806,0.6806,0.0004,6
Hair and Beauty,Veterinarian,0.5904,0.5904,0.0,0
Hair and Beauty,Other Professional,0.5798,0.5798,0.0002,3
Hair and Beauty,Specialty Store,0.5271,0.5271,0.0301,492
Hair and Beauty,Animal Shelter,0.5098,0.5098,0.0,0
Hair and Beauty,Other Healthcare,0.5086,0.5086,0.0024,39
Hair and Beauty,Other Amenity,0.5028,0.5028,0.0001,1
Hair and Beauty,Fast Food,0.5014,0.5014,0.0,0
Hair and Beauty,Recreation,0.4538,0.4538,0.0001,2
Hair and Beauty,Fitness Center,0.4408,0.4408,0.0004,6
Hair and Beauty,Alternative Medicine,0.0,0.0,0.0001,1
Hair and Beauty,Convenience Store,0.0,0.0,0.0001,1
Hair and Beauty,Discount Store,0.0,0.0,0.0001,1
Hair and Beauty,Florist,0.0,0.0,0.0001,1
Hair and Beauty,Home Service,0.0,0.0,0.0001,1
Hair and Beauty,Real Estate,0.0,0.0,0.0001,1
Hair and Beauty,School,0.0,0.0,0.0002,4
Hardware,Hardware,1.0,1.0,1.0,2739
Hardware,Furniture Store,0.8127,0.8127,0.0026,7
Hardware,Specialty Store,0.8109,0.8109,0.0197,54
Hardware,Garden Store,0.7632,0.7632,0.0077,21
Hardware,Other Shop,0.6539,0.6539,0.0624,171
Hardware,Florist,0.5932,0.5932,0.0,0
Hardware,Sports Outlet,0.5685,0.5685,0.0073,20
Hardware,Car Repair,0.5659,0.5659,0.0095,26
Hardware,Cell Phone Store,0.5606,0.5606,0.0004,1
Hardware,Pharmacy,0.554,0.554,0.0004,1
Hardware,Bookstore,0.5417,0.5417,0.0004,1
Hardware,Pet Store,0.516,0.516,0.0015,4
Hardware,Clothing Store,0.4857,0.4857,0.0018,5
Hardware,Bike shop,0.4688,0.4688,0.0,0
Hardware,Car Dealer,0.4522,0.4522,0.0077,21
Hardware,Cannabis Dispensary,0.4515,0.4515,0.0,0
Hardware,Convenience Store,0.4233,0.4233,0.0,0
Hardware,Supermarket,0.4204,0.4204,0.0004,1
Hardware,Thrift Store,0.415,0.415,0.0011,3
Hardware,Discount Store,0.3983,0.3983,0.0007,2
Hardware,Jewelry Store,0.3913,0.3913,0.0,0
Hardware,Liquor Store,0.3771,0.3771,0.0,0
Hardware,Shoe Store,0.3701,0.3701,0.0,0
Hardware,Market,0.3616,0.3616,0.0,0
Hardware,Farmers Market,0.3576,0.3576,0.0,0
Hardware,Shopping Center,0.3573,0.3573,0.0,0
Hardware,Eye Care,0.3447,0.3447,0.0,0
Hardware,Wholesale Store,0.3407,0.3407,0.0095,26
Hardware,Home Service,0.0004,0.0,0.004,11
Hardware,Other Financial,0.0,0.0,0.0004,1
Historic Site,Historic Site,1.0,1.0,1.0,63
Historic Site,Cemetery,0.8941,0.8941,0.0,0
Historic Site,Place of Worship,0.7616,0.7616,0.0,0
Historic Site,Community Center,0.462,0.462,0.0159,1
Historic Site,Other Amenity,0.3241,0.3241,0.0,0
Historic Site,Museum,0.0006,0.0,0.0317,2
Historic Site,Other Shop,0.0002,0.0,0.0159,1
Home Service,Home Service,1.0,1.0,1.0,3308
Home Service,Other Professional,0.7166,0.7166,0.0048,16
Home Service,Other Amenity,0.5437,0.5437,0.0006,2
Home Service,Other Financial,0.4903,0.4903,0.0006,2
Home Service,Real Estate,0.4507,0.4507,0.0033,11
Home Service,Legal Service,0.399,0.399,0.0,0
Home Service,Bank,0.3517,0.3517,0.0,0
Home Service,ATM,0.3454,0.3454,0.0,0
Home Service,Self-Storage,0.3312,0.3312,0.0076,25
Home Service,Print and Copy Shop,0.3174,0.3174,0.0003,1
Home Service,Laundromat,0.3063,0.3063,0.0003,1
Home Service,Childcare,0.302,0.302,0.0,0
Home Service,Post Office,0.2994,0.2994,0.0006,2
Home Service,Funeral Services,0.2904,0.2904,0.0027,9
Home Service,Dry Cleaning,0.2752,0.2752,0.0,0
Home Service,Other Shop,0.2068,0.2068,0.0021,7
Home Service,Car Repair,0.0,0.0,0.0006,2
Home Service,Garden Store,0.0,0.0,0.0003,1
Home Service,Hardware,0.0,0.0,0.0006,2
Home Service,Specialty Store,0.0,0.0,0.0006,2
Home Service,Thrift Store,0.0,0.0,0.0003,1
Home Service,Wholesale Store,0.0,0.0,0.0003,1
Hospital,Hospital,1.0,1.0,1.0,3567
Hospital,Clinic,0.9138,0.9138,0.2004,715
Hospital,Public Safety,0.8517,0.8517,0.0017,6
Hospital,Other Healthcare,0.5459,0.5459,0.0502,179
Hospital,Dentist,0.4238,0.4238,0.0003,1
Hospital,Mental Health,0.4165,0.4165,0.0165,59
Hospital,Alternative Medicine,0.4105,0.4105,0.0003,1
Hospital,Counseling,0.3929,0.3929,0.0017,6
Hospital,Eye Care,0.3791,0.3791,0.0006,2
Hospital,Physical Therapy,0.3783,0.3783,0.009,32
Hospital,Cannabis Dispensary,0.3192,0.3192,0.0,0
Hospital,Speech Therapist,0.3149,0.3149,0.0,0
Hospital,Occupational Therapy,0.311,0.311,0.0,0
Hospital,Other Financial,0.2952,0.2952,0.0,0
Hospital,Maternity Center,0.2909,0.2909,0.0003,1
Hospital,Government Office,0.0,0.0,0.0003,1
Hospital,Massage Therapy,0.0,0.0,0.0003,1
Hospital,Other Professional,0.0,0.0,0.0003,1
Hospital,School,0.0,0.0,0.0008,3
Hotel,Hotel,1.0,1.0,1.0,23448
Hotel,Campground,0.7748,0.7748,0.0024,57
Hotel,Event Venue,0.0001,0.0,0.0007,17
Hotel,Arts Venue,0.0,0.0,0.0,1
Hotel,Bar,0.0,0.0,0.0002,4
Hotel,Casino,0.0,0.0,0.0001,3
Hotel,Fitness Center,0.0,0.0,0.0,1
Hotel,Golf Course,0.0,0.0,0.0002,4
Hotel,Hardware,0.0,0.0,0.0,1
Hotel,Historic Site,0.0,0.0,0.0002,4
Hotel,Home Service,0.0,0.0,0.0,1
Hotel,Hospital,0.0,0.0,0.0,1
Hotel,Marina,0.0,0.0,0.0,1
Hotel,Massage Therapy,0.0,0.0,0.0003,8
Hotel,Other Amenity,0.0,0.0,0.0,1
Hotel,Other Financial,0.0,0.0,0.0,1
Hotel,Other Healthcare,0.0,0.0,0.0,1
Hotel,Other Professional,0.0,0.0,0.0,1
Hotel,Real Estate,0.0,0.0,0.0001,2
Hotel,Recreation,0.0,0.0,0.0003,7
Hotel,Restaurant,0.0,0.0,0.0002,5
Hotel,Sports Outlet,0.0,0.0,0.0001,2
Jewelry Store,Jewelry Store,1.0,1.0,1.0,1772
Jewelry Store,Clothing Store,0.8056,0.8056,0.0169,30
Jewelry Store,Shoe Store,0.6437,0.6437,0.0,0
Jewelry Store,Eye Care,0.6059,0.6059,0.0006,1
Jewelry Store,Other Shop,0.4935,0.4935,0.0006,1
Jewelry Store,Specialty Store,0.4487,0.4487,0.0169,30
Jewelry Store,Hardware,0.3913,0.3913,0.0,0
Jewelry Store,Car Dealer,0.3692,0.3692,0.0,0
Jewelry Store,Convenience Store,0.3497,0.3497,0.0,0
Jewelry Store,Florist,0.3492,0.3492,0.0135,24
Jewelry Store,Supermarket,0.3477,0.3477,0.0006,1
Jewelry Store,Thrift Store,0.344,0.344,0.0096,17
Jewelry Store,Sports Outlet,0.3371,0.3371,0.0,0
Jewelry Store,Car Repair,0.3358,0.3358,0.0011,2
Jewelry Store,Cell Phone Store,0.3332,0.3332,0.0,0
Jewelry Store,Discount Store,0.3325,0.3325,0.0,0
Jewelry Store,Furniture Store,0.33,0.33,0.0011,2
Jewelry Store,Pharmacy,0.3299,0.3299,0.0,0
Jewelry Store,Bookstore,0.3237,0.3237,0.0,0
Jewelry Store,Liquor Store,0.3175,0.3175,0.0,0
Jewelry Store,Garden Store,0.313,0.313,0.0,0
Jewelry Store,Pet Store,0.3108,0.3108,0.0,0
Jewelry Store,Market,0.3065,0.3065,0.0,0
Jewelry Store,Farmers Market,0.3036,0.3036,0.0,0
Jewelry Store,Shopping Center,0.3034,0.3034,0.0,0
Jewelry Store,Wholesale Store,0.2914,0.2914,0.0,0
Jewelry Store,Bike shop,0.2864,0.2864,0.0,0
Jewelry Store,Cannabis Dispensary,0.2773,0.2773,0.0,0
Jewelry Store,Other Financial,0.0001,0.0,0.0028,5
Jewelry Store,Tattoo and Piercing,0.0,0.0,0.0006,1
Kindergarten,Kindergarten,1.0,1.0,1.0,706
Kindergarten,School,0.8237,0.8237,0.2394,169
Kindergarten,University,0.6399,0.6399,0.0014,1
Kindergarten,Library,0.5678,0.5678,0.0,0
Kindergarten,Other Professional,0.5117,0.5117,0.0014,1
Kindergarten,Government Office,0.4579,0.4579,0.0,0
Kindergarten,Home Service,0.1826,0.0,0.2762,195
Kindergarten,Childcare,0.0116,0.0,0.0467,33
Kindergarten,Place of Worship,0.0,0.0,0.0014,1
Laundromat,Laundromat,1.0,1.0,1.0,890
Laundromat,Dry Cleaning,0.9232,0.9232,0.0933,83
Laundromat,Other Financial,0.3114,0.3114,0.0011,1
Laundromat,Home Service,0.3063,0.3063,0.0045,4
Laundromat,Real Estate,0.2949,0.2949,0.0,0
Laundromat,Other Professional,0.2767,0.2767,0.0,0
Laundromat,Legal Service,0.2719,0.2719,0.0,0
Laundromat,Bank,0.2491,0.2491,0.0,0
Laundromat,ATM,0.2459,0.2459,0.0,0
Laundromat,Self-Storage,0.2386,0.2386,0.0,0
Laundromat,Print and Copy Shop,0.2313,0.2313,0.0,0
Laundromat,Childcare,0.223,0.223,0.0,0
Laundromat,Post Office,0.2216,0.2216,0.0,0
Laundromat,Funeral Services,0.2167,0.2167,0.0,0
Laundromat,Other Amenity,0.1992,0.1992,0.0,0
Laundromat,Other Shop,0.1664,0.1664,0.0,0
Laundromat,Cafe,0.0,0.0,0.0011,1
Laundromat,Veterinarian,0.0,0.0,0.0011,1
Legal Service,Legal Service,1.0,1.0,1.0,2954
Legal Service,Other Financial,0.4076,0.4076,0.0064,19
Legal Service,Home Service,0.399,0.399,0.0003,1
Legal Service,Real Estate,0.3798,0.3798,0.0078,23
Legal Service,Other Professional,0.3502,0.3502,0.0037,11
Legal Service,Bank,0.307,0.307,0.0,0
Legal Service,ATM,0.3022,0.3022,0.0,0
Legal Service,Self-Storage,0.2913,0.2913,0.0,0
Legal Service,Print and Copy Shop,0.2805,0.2805,0.0,0
Legal Service,Laundromat,0.2719,0.2719,0.0,0
Legal Service,Childcare,0.2684,0.2684,0.0,0
Legal Service,Post Office,0.2664,0.2664,0.0,0
Legal Service,Funeral Services,0.2592,0.2592,0.0,0
Legal Service,Dry Cleaning,0.2471,0.2471,0.0,0
Legal Service,Other Amenity,0.2346,0.2346,0.0,0
Legal Service,Other Shop,0.1905,0.1905,0.0,0
Legal Service,Car Repair,0.0,0.0,0.0003,1
Library,Library,1.0,1.0,1.0,7284
Library,School,0.7155,0.7155,0.0003,2
Library,University,0.5794,0.5794,0.0034,25
Library,Kindergarten,0.5678,0.5678,0.0,0
Library,Other Professional,0.5029,0.5029,0.0007,5
Library,Government Office,0.4508,0.4508,0.0007,5
Library,Community Center,0.0,0.0,0.0001,1
Library,Other Shop,0.0,0.0,0.0001,1
Library,Real Estate,0.0,0.0,0.0001,1
Library,Recreation,0.0,0.0,0.0001,1
Library,Thrift Store,0.0,0.0,0.0001,1
Liquor Store,Liquor Store,1.0,1.0,1.0,2612
Liquor Store,Specialty Store,0.8144,0.8144,0.0203,53
Liquor Store,Supermarket,0.7501,0.7501,0.0134,35
Liquor Store,Other Shop,0.4711,0.4711,0.0153,40
Liquor Store,Hardware,0.3771,0.3771,0.0,0
Liquor Store,Clothing Store,0.377,0.377,0.0008,2
Liquor Store,Car Dealer,0.3565,0.3565,0.0,0
Liquor Store,Convenience Store,0.3383,0.3383,0.031,81
Liquor Store,Florist,0.3378,0.3378,0.0004,1
Liquor Store,Thrift Store,0.333,0.333,0.0,0
Liquor Store,Sports Outlet,0.3265,0.3265,0.0004,1
Liquor Store,Car Repair,0.3253,0.3253,0.0,0
Liquor Store,Cell Phone Store,0.3228,0.3228,0.0,0
Liquor Store,Discount Store,0.3221,0.3221,0.0011,3
Liquor Store,Furniture Store,0.3198,0.3198,0.0,0
Liquor Store,Pharmacy,0.3197,0.3197,0.0,0
Liquor Store,Jewelry Store,0.3175,0.3175,0.0,0
Liquor Store,Bookstore,0.3139,0.3139,0.0,0
Liquor Store,Garden Store,0.3039,0.3039,0.0,0
Liquor Store,Shoe Store,0.3034,0.3034,0.0,0
Liquor Store,Pet Store,0.3018,0.3018,0.0,0
Liquor Store,Market,0.2977,0.2977,0.0,0
Liquor Store,Farmers Market,0.295,0.295,0.0004,1
Liquor Store,Shopping Center,0.2948,0.2948,0.0004,1
Liquor Store,Eye Care,0.2861,0.2861,0.0,0
Liquor Store,Wholesale Store,0.2834,0.2834,0.0004,1
Liquor Store,Bike shop,0.2787,0.2787,0.0,0
Liquor Store,Cannabis Dispensary,0.2701,0.2701,0.0,0
Liquor Store,Bar,0.0001,0.0,0.0019,5
Liquor Store,Fast Food,0.0,0.0,0.0011,3
Liquor Store,Gas Station,0.0,0.0,0.0008,2
Liquor Store,Hair and Beauty,0.0,0.0,0.0004,1
Marina,Marina,1.0,1.0,1.0,468
Marina,Park,0.8201,0.8201,0.0085,4
Marina,Recreation,0.7623,0.7623,0.0321,15
Marina,Other Amenity,0.7393,0.7393,0.0021,1
Marina,Campground,0.0005,0.0,0.0107,5
Marina,Car Repair,0.0001,0.0,0.0043,2
Marina,Car Dealer,0.0,0.0,0.0021,1
Marina,Gas Station,0.0,0.0,0.0021,1
Marina,Golf Course,0.0,0.0,0.0021,1
Marina,Restaurant,0.0,0.0,0.0021,1
Market,Market,1.0,1.0,1.0,66
Market,Farmers Market,0.9913,0.9913,0.5303,35
Market,Thrift Store,0.7774,0.7774,0.0909,6
Market,Specialty Store,0.7343,0.7147,0.7727,51
Market,Other Shop,0.6279,0.6279,0.0455,3
Market,Supermarket,0.4351,0.324,0.6818,45
Market,Hardware,0.3616,0.3616,0.0,0
Market,Clothing Store,0.3615,0.3615,0.0152,1
Market,Car Dealer,0.3427,0.3427,0.0,0
Market,Convenience Store,0.3258,0.3258,0.0909,6
Market,Florist,0.3253,0.3253,0.0303,2
Market,Sports Outlet,0.3148,0.3148,0.0,0
Market,Car Repair,0.3137,0.3137,0.0,0
Market,Cell Phone Store,0.3114,0.3114,0.0,0
Market,Discount Store,0.3108,0.3108,0.0,0
Market,Furniture Store,0.3086,0.3086,0.0,0
Market,Pharmacy,0.3085,0.3085,0.0,0
Market,Jewelry Store,0.3065,0.3065,0.0,0
Market,Bookstore,0.3031,0.3031,0.0152,1
Market,Liquor Store,0.2977,0.2977,0.0152,1
Market,Garden Store,0.2937,0.2937,0.0152,1
Market,Shoe Store,0.2933,0.2933,0.0,0
Market,Pet Store,0.2917,0.2917,0.0,0
Market,Shopping Center,0.2852,0.2852,0.0606,4
Market,Eye Care,0.2771,0.2771,0.0,0
Market,Wholesale Store,0.2746,0.2746,0.0,0
Market,Bike shop,0.2702,0.2702,0.0,0
Market,Cannabis Dispensary,0.262,0.262,0.0152,1
Market,Restaurant,0.0006,0.0,0.0303,2
Market,ATM,0.0002,0.0,0.0152,1
Market,Arts Venue,0.0002,0.0,0.0152,1
Market,Fast Food,0.0002,0.0,0.0152,1
Massage Therapy,Massage Therapy,1.0,1.0,1.0,1336
Massage Therapy,Other Healthcare,0.7277,0.7277,0.012,16
Massage Therapy,Hair and Beauty,0.726,0.726,0.012,16
Massage Therapy,Fitness Center,0.6383,0.6383,0.0022,3
Massage Therapy,Pet Store,0.6004,0.6004,0.0,0
Massage Therapy,Veterinarian,0.5291,0.5291,0.0,0
Massage Therapy,Tattoo and Piercing,0.5237,0.5237,0.0007,1
Massage Therapy,Animal Shelter,0.4635,0.4635,0.0,0
Massage Therapy,Other Amenity,0.4577,0.4577,0.0,0
Massage Therapy,Fast Food,0.4565,0.4565,0.0,0
Massage Therapy,Other Professional,0.4478,0.4478,0.0015,2
Massage Therapy,Recreation,0.4167,0.4167,0.0007,1
Massage Therapy,Specialty Store,0.4103,0.4103,0.0007,1
Massage Therapy,Alternative Medicine,0.0,0.0,0.0007,1
Maternity Center,Maternity Center,1.0,1.0,0.8,8
Maternity Center,Other Healthcare,0.8135,0.7949,1.0,10
Maternity Center,Clinic,0.4354,0.4354,0.0,0
Maternity Center,Dentist,0.374,0.374,0.0,0
Maternity Center,Mental Health,0.3691,0.3691,0.0,0
Maternity Center,Alternative Medicine,0.365,0.365,0.0,0
Maternity Center,Counseling,0.353,0.353,0.0,0
Maternity Center,Eye Care,0.3435,0.3435,0.0,0
Maternity Center,Physical Therapy,0.3429,0.3429,0.0,0
Maternity Center,Speech Therapist,0.2967,0.2967,0.0,0
Maternity Center,Occupational Therapy,0.2938,0.2938,0.0,0
Maternity Center,Hospital,0.2909,0.2909,0.1,1
Maternity Center,Public Safety,0.2593,0.2593,0.0,0
Maternity Center,Cannabis Dispensary,0.256,0.256,0.0,0
Maternity Center,Other Financial,0.2403,0.2403,0.0,0
Maternity Center,School,0.001,0.0,0.1,1
Mental Health,Mental Health,1.0,1.0,1.0,164
Mental Health,Counseling,0.9366,0.9366,0.1037,17
Mental Health,Other Healthcare,0.8485,0.8485,0.25,41
Mental Health,Clinic,0.7081,0.7081,0.0244,4
Mental Health,Dentist,0.5589,0.5589,0.0,0
Mental Health,Alternative Medicine,0.5391,0.5391,0.0122,2
Mental Health,Eye Care,0.4933,0.4933,0.0,0
Mental Health,Physical Therapy,0.4922,0.4922,0.0122,2
Mental Health,Hospital,0.4165,0.4165,0.0122,2
Mental Health,Speech Therapist,0.4022,0.4022,0.0,0
Mental Health,Occupational Therapy,0.3969,0.3969,0.0061,1
Mental Health,Maternity Center,0.3691,0.3691,0.0,0
Mental Health,Public Safety,0.3545,0.3545,0.0,0
Mental Health,Cannabis Dispensary,0.3485,0.3485,0.0,0
Mental Health,Other Financial,0.32,0.32,0.0,0
Movie Theater,Movie Theater,1.0,1.0,1.0,1282
Movie Theater,Other Amenity,0.7123,0.7123,0.0,0
Movie Theater,Performing Arts,0.6203,0.6203,0.0265,34
Movie Theater,Arts Venue,0.6079,0.6079,0.0016,2
Movie Theater,Museum,0.5919,0.5919,0.0008,1
Movie Theater,Event Venue,0.5649,0.5649,0.0016,2
Movie Theater,Stadium,0.5643,0.5643,0.0,0
Movie Theater,Nightclub,0.5558,0.5558,0.0,0
Movie Theater,Recreation,0.5513,0.5513,0.0226,29
Movie Theater,Social Club,0.5393,0.5393,0.0,0
Movie Theater,Arcade,0.5262,0.5262,0.0016,2
Movie Theater,Casino,0.5257,0.5257,0.0,0
Museum,Museum,1.0,1.0,1.0,3880
Museum,Other Amenity,0.7778,0.7778,0.0005,2
Museum,Performing Arts,0.6693,0.6693,0.0015,6
Museum,Arts Venue,0.6549,0.6549,0.0098,38
Museum,Event Venue,0.6053,0.6053,0.0003,1
Museum,Stadium,0.6046,0.6046,0.0,0
Museum,Nightclub,0.5949,0.5949,0.0,0
Museum,Movie Theater,0.5919,0.5919,0.0005,2
Museum,Recreation,0.5897,0.5897,0.0124,48
Museum,Social Club,0.5759,0.5759,0.0,0
Museum,Arcade,0.5611,0.5611,0.0003,1
Museum,Casino,0.5605,0.5605,0.0,0
Museum,Historic Site,0.0001,0.0,0.0013,5
Museum,Community Center,0.0,0.0,0.0003,1
Museum,Dessert Shop,0.0,0.0,0.0003,1
Museum,Florist,0.0,0.0,0.0005,2
Museum,Library,0.0,0.0,0.0003,1
Museum,Other Financial,0.0,0.0,0.0003,1
Museum,Other Healthcare,0.0,0.0,0.0003,1
Museum,Other Professional,0.0,0.0,0.0003,1
Museum,Restaurant,0.0,0.0,0.0003,1
Museum,School,0.0,0.0,0.0003,1
Museum,University,0.0,0.0,0.0003,1
Nightclub,Nightclub,1.0,1.0,1.0,250
Nightclub,Other Amenity,0.7167,0.7167,0.0,0
Nightclub,Performing Arts,0.6236,0.6236,0.548,137
Nightclub,Arts Venue,0.6111,0.6111,0.004,1
Nightclub,Museum,0.5949,0.5949,0.0,0
Nightclub,Event Venue,0.5676,0.5676,0.012,3
Nightclub,Stadium,0.567,0.567,0.0,0
Nightclub,Movie Theater,0.5558,0.5558,0.004,1
Nightclub,Recreation,0.5539,0.5539,0.004,1
Nightclub,Social Club,0.5417,0.5417,0.0,0
Nightclub,Arcade,0.5286,0.5286,0.004,1
Nightclub,Casino,0.5281,0.5281,0.0,0
Nightclub,Bar,0.0293,0.0,0.124,31
Nightclub,Restaurant,0.0003,0.0,0.012,3
Occupational Therapy,Occupational Therapy,1.0,1.0,1.0,13
Occupational Therapy,Physical Therapy,0.7669,0.7669,0.3077,4
Occupational Therapy,Speech Therapist,0.6574,0.6574,0.1538,2
Occupational Therapy,Clinic,0.4745,0.4745,0.1538,2
Occupational Therapy,Other Healthcare,0.4196,0.4196,0.3846,5
Occupational Therapy,Dentist,0.4025,0.4025,0.0,0
Occupational Therapy,Mental Health,0.3969,0.3969,0.0,0
Occupational Therapy,Alternative Medicine,0.3922,0.3922,0.2308,3
Occupational Therapy,Counseling,0.3783,0.3783,0.1538,2
Occupational Therapy,Eye Care,0.3674,0.3674,0.0,0
Occupational Therapy,Hospital,0.311,0.311,0.0769,1
Occupational Therapy,Maternity Center,0.2938,0.2938,0.0,0
Occupational Therapy,Public Safety,0.2751,0.2751,0.0,0
Occupational Therapy,Cannabis Dispensary,0.2714,0.2714,0.0,0
Occupational Therapy,Other Financial,0.2538,0.2538,0.0,0
Other Amenity,Other Amenity,1.0,1.0,0.3846,15
Other Amenity,Fast Food,0.998,0.998,0.0,0
Other Amenity,Park,0.9027,0.9027,0.5897,23
Other Amenity,Performing Arts,0.8275,0.8275,0.0,0
Other Amenity,Public Restroom,0.8144,0.8144,0.0,0
Other Amenity,Arts Venue,0.8057,0.8057,0.4615,18
Other Amenity,Museum,0.7778,0.7778,0.0513,2
Other Amenity,Marina,0.7393,0.7393,0.0,0
Other Amenity,Event Venue,0.7318,0.7318,0.0,0
Other Amenity,Stadium,0.7308,0.7308,0.0,0
Other Amenity,Nightclub,0.7167,0.7167,0.0,0
Other Amenity,Movie Theater,0.7123,0.7123,0.0,0
Other Amenity,Recreation,0.7091,0.7091,0.4103,16
Other Amenity,Social Club,0.6894,0.6894,0.0,0
Other Amenity,Arcade,0.6682,0.6682,0.0,0
Other Amenity,Casino,0.6674,0.6674,0.0,0
Other Amenity,Pet Store,0.5966,0.4392,1.0,39
Other Amenity,Home Service,0.5437,0.5437,0.0256,1
Other Amenity,Hair and Beauty,0.5028,0.5028,0.0,0
Other Amenity,Community Center,0.4739,0.4739,0.0256,1
Other Amenity,Massage Therapy,0.4577,0.4577,0.0,0
Other Amenity,Government Office,0.45,0.45,0.0769,3
Other Amenity,Public Safety,0.4271,0.4271,0.0,0
Other Amenity,Veterinarian,0.3998,0.3998,0.0,0
Other Amenity,Tattoo and Piercing,0.3967,0.3967,0.0,0
Other Amenity,Animal Shelter,0.3611,0.3611,0.0256,1
Other Amenity,Other Healthcare,0.3605,0.3605,0.0,0
Other Amenity,Other Professional,0.3515,0.3515,0.0,0
Other Amenity,Place of Worship,0.3422,0.3422,0.0,0
Other Amenity,Specialty Store,0.328,0.328,0.0256,1
Other Amenity,Fitness Center,0.3251,0.3251,0.0,0
Other Amenity,Historic Site,0.3241,0.3241,0.0513,2
Other Amenity,Other Financial,0.2635,0.2635,0.0,0
Other Amenity,Cemetery,0.2576,0.2576,0.0,0
Other Amenity,Real Estate,0.2516,0.2516,0.0,0
Other Amenity,Legal Service,0.2346,0.2346,0.0,0
Other Amenity,Bank,0.2174,0.2174,0.0,0
Other Amenity,ATM,0.215,0.215,0.0,0
Other Amenity,Self-Storage,0.2094,0.2094,0.0,0
Other Amenity,Print and Copy Shop,0.2038,0.2038,0.0,0
Other Amenity,Laundromat,0.1992,0.1992,0.0256,1
Other Amenity,Childcare,0.1973,0.1973,0.0,0
Other Amenity,Post Office,0.1962,0.1962,0.0,0
Other Amenity,Funeral Services,0.1923,0.1923,0.0,0
Other Amenity,Dry Cleaning,0.1855,0.1855,0.0,0
Other Amenity,Other Shop,0.1517,0.1517,0.0,0
Other Financial,Other Financial,1.0,1.0,1.0,5896
Other Financial,Other Healthcare,0.7372,0.7372,0.0008,5
Other Financial,Bank,0.712,0.712,0.0168,99
Other Financial,ATM,0.699,0.699,0.0002,1
Other Financial,Cannabis Dispensary,0.6224,0.6224,0.0,0
Other Financial,Home Service,0.4903,0.4903,0.0,0
Other Financial,Real Estate,0.4617,0.4617,0.0149,88
Other Financial,Other Professional,0.4187,0.4187,0.0049,29
Other Financial,Legal Service,0.4076,0.4076,0.0093,55
Other Financial,Clinic,0.3785,0.3785,0.0002,1
Other Financial,Self-Storage,0.3371,0.3371,0.0,0
Other Financial,Dentist,0.3243,0.3243,0.0,0
Other Financial,Print and Copy Shop,0.3228,0.3228,0.0,0
Other Financial,Mental Health,0.32,0.32,0.0,0
Other Financial,Alternative Medicine,0.3164,0.3164,0.0,0
Other Financial,Laundromat,0.3114,0.3114,0.0,0
Other Financial,Childcare,0.3069,0.3069,0.0,0
Other Financial,Counseling,0.3058,0.3058,0.0,0
Other Financial,Post Office,0.3042,0.3042,0.0002,1
Other Financial,Eye Care,0.2974,0.2974,0.0,0
Other Financial,Physical Therapy,0.2969,0.2969,0.0,0
Other Financial,Hospital,0.2952,0.2952,0.0,0
Other Financial,Funeral Services,0.2949,0.2949,0.0,0
Other Financial,Dry Cleaning,0.2793,0.2793,0.0,0
Other Financial,Other Amenity,0.2635,0.2635,0.0,0
Other Financial,Public Safety,0.2626,0.2626,0.0,0
Other Financial,Speech Therapist,0.2564,0.2564,0.0,0
Other Financial,Occupational Therapy,0.2538,0.2538,0.0,0
Other Financial,Maternity Center,0.2403,0.2403,0.0,0
Other Financial,Other Shop,0.2091,0.2091,0.0003,2
Other Financial,Car Dealer,0.0,0.0,0.0002,1
Other Financial,Car Repair,0.0,0.0,0.0003,2
Other Healthcare,Other Healthcare,1.0,1.0,1.0,1315
Other Healthcare,Alternative Medicine,0.9455,0.9455,0.0167,22
Other Healthcare,Clinic,0.9209,0.9209,0.1262,166
Other Healthcare,Mental Health,0.8485,0.8485,0.0449,59
Other Healthcare,Cannabis Dispensary,0.7999,0.7999,0.0,0
Other Healthcare,Maternity Center,0.7949,0.7949,0.0091,12
Other Healthcare,Other Financial,0.7372,0.7372,0.0023,3
Other Healthcare,Massage Therapy,0.7277,0.7277,0.0335,44
Other Healthcare,Dentist,0.6546,0.6546,0.0046,6
Other Healthcare,Counseling,0.5836,0.5836,0.0015,2
Other Healthcare,Eye Care,0.5537,0.5537,0.0076,10
Other Healthcare,Physical Therapy,0.552,0.552,0.0251,33
Other Healthcare,Hospital,0.5459,0.5459,0.0137,18
Other Healthcare,Fitness Center,0.5153,0.5153,0.0023,3
Other Healthcare,Hair and Beauty,0.5086,0.5086,0.0076,10
Other Healthcare,Public Safety,0.4441,0.4441,0.0,0
Other Healthcare,Pet Store,0.4436,0.4436,0.0,0
Other Healthcare,Speech Therapist,0.4266,0.4266,0.0038,5
Other Healthcare,Occupational Therapy,0.4196,0.4196,0.0008,1
Other Healthcare,Veterinarian,0.4034,0.4034,0.0046,6
Other Healthcare,Tattoo and Piercing,0.4003,0.4003,0.0,0
Other Healthcare,Animal Shelter,0.3641,0.3641,0.0,0
Other Healthcare,Other Amenity,0.3605,0.3605,0.0,0
Other Healthcare,Fast Food,0.3598,0.3598,0.0,0
Other Healthcare,Other Professional,0.3543,0.3543,0.0061,8
Other Healthcare,Recreation,0.3346,0.3346,0.0015,2
Other Healthcare,Specialty Store,0.3305,0.3305,0.0137,18
Other Healthcare,Cafe,0.0,0.0,0.0008,1
Other Healthcare,Community Center,0.0,0.0,0.0008,1
Other Professional,Other Professional,1.0,1.0,1.0,1070
Other Professional,Post Office,0.9097,0.9097,0.0103,11
Other Professional,Home Service,0.7166,0.7166,0.6953,744
Other Professional,Childcare,0.6869,0.6869,0.0019,2
Other Professional,Funeral Services,0.672,0.672,0.0028,3
Other Professional,School,0.6286,0.6286,0.0551,59
Other Professional,Hair and Beauty,0.5798,0.5798,0.0,0
Other Professional,Real Estate,0.5654,0.5654,0.1355,145
Other Professional,Other Shop,0.5464,0.5464,0.0187,20
Other Professional,University,0.5211,0.5211,0.0103,11
Other Professional,Kindergarten,0.5117,0.5117,0.0009,1
Other Professional,Library,0.5029,0.5029,0.0028,3
Other Professional,Tattoo and Piercing,0.4598,0.4598,0.0,0
Other Professional,Massage Therapy,0.4478,0.4478,0.0093,10
Other Professional,Pet Store,0.43,0.43,0.0112,12
Other Professional,Other Financial,0.4187,0.4187,0.072,77
Other Professional,Government Office,0.4147,0.4147,0.0206,22
Other Professional,Veterinarian,0.3922,0.3922,0.0009,1
Other Professional,Specialty Store,0.3814,0.3814,0.0963,103
Other Professional,Animal Shelter,0.3549,0.3549,0.0009,1
Other Professional,Other Healthcare,0.3543,0.3543,0.0551,59
Other Professional,Other Amenity,0.3515,0.3515,0.0047,5
Other Professional,Fast Food,0.3508,0.3508,0.0037,4
Other Professional,Legal Service,0.3502,0.3502,0.0421,45
Other Professional,Recreation,0.3269,0.3269,0.0121,13
Other Professional,Fitness Center,0.32,0.32,0.0056,6
Other Professional,Bank,0.3133,0.3133,0.0037,4
Other Professional,ATM,0.3083,0.3083,0.0009,1
Other Professional,Self-Storage,0.2969,0.2969,0.0056,6
Other Professional,Print and Copy Shop,0.2857,0.2857,0.0439,47
Other Professional,Laundromat,0.2767,0.2767,0.0,0
Other Professional,Dry Cleaning,0.2511,0.2511,0.0,0
Other Professional,Car Repair,0.0,0.0,0.0009,1
Other Professional,Clinic,0.0,0.0,0.0009,1
Other Professional,Community Center,0.0,0.0,0.0019,2
Other Professional,Discount Store,0.0,0.0,0.0009,1
Other Professional,Hardware,0.0,0.0,0.0019,2
Other Professional,Park,0.0,0.0,0.0009,1
Other Professional,Wholesale Store,0.0,0.0,0.0019,2
Other Shop,Other Shop,1.0,1.0,0.0422,426
Other Shop,Specialty Store,0.9984,0.832,1.0,10106
Other Shop,Thrift Store,0.7656,0.7656,0.0771,779
Other Shop,Childcare,0.6729,0.6729,0.0,0
Other Shop,Funeral Services,0.6585,0.6585,0.0005,5
Other Shop,Hardware,0.6539,0.6539,0.2804,2834
Other Shop,Clothing Store,0.6537,0.6537,0.0764,772
Other Shop,Market,0.6279,0.6279,0.0014,14
Other Shop,Car Dealer,0.5945,0.5945,0.0317,320
Other Shop,Other Professional,0.5464,0.5464,0.0354,358
Other Shop,Convenience Store,0.5455,0.5455,0.0069,70
Other Shop,Florist,0.5443,0.5443,0.0497,502
Other Shop,Supermarket,0.5406,0.5406,0.0401,405
Other Shop,Sports Outlet,0.5154,0.5154,0.1293,1307
Other Shop,Car Repair,0.5124,0.5124,0.0425,430
Other Shop,Cell Phone Store,0.5064,0.5064,0.0021,21
Other Shop,Discount Store,0.5047,0.5047,0.005,51
Other Shop,Furniture Store,0.499,0.499,0.2295,2319
Other Shop,Pharmacy,0.4988,0.4988,0.0022,22
Other Shop,Jewelry Store,0.4935,0.4935,0.0133,134
Other Shop,Bookstore,0.4849,0.4849,0.0564,570
Other Shop,Liquor Store,0.4711,0.4711,0.0295,298
Other Shop,Garden Store,0.4612,0.4612,0.0176,178
Other Shop,Shoe Store,0.4603,0.4603,0.0021,21
Other Shop,Pet Store,0.4564,0.4564,0.0411,415
Other Shop,Farmers Market,0.4411,0.4411,0.0193,195
Other Shop,Shopping Center,0.4406,0.4406,0.0004,4
Other Shop,Eye Care,0.4216,0.4216,0.0012,12
Other Shop,Wholesale Store,0.4157,0.4157,0.0044,44
Other Shop,Bike shop,0.4057,0.4057,0.003,30
Other Shop,Cannabis Dispensary,0.3876,0.3876,0.0015,15
Other Shop,Other Financial,0.2091,0.2091,0.0022,22
Other Shop,Home Service,0.2068,0.2068,0.0713,721
Other Shop,Real Estate,0.2015,0.2015,0.0033,33
Other Shop,Legal Service,0.1905,0.1905,0.0006,6
Other Shop,Bank,0.179,0.179,0.0,0
Other Shop,ATM,0.1773,0.1773,0.0,0
Other Shop,Self-Storage,0.1735,0.1735,0.0005,5
Other Shop,Print and Copy Shop,0.1696,0.1696,0.0074,75
Other Shop,Laundromat,0.1664,0.1664,0.0002,2
Other Shop,Post Office,0.1644,0.1644,0.0027,27
Other Shop,Dry Cleaning,0.1568,0.1568,0.0002,2
Other Shop,Other Amenity,0.1517,0.1517,0.0024,24
Other Shop,Hair and Beauty,0.0013,0.0,0.0044,44
Other Shop,Arts Venue,0.0005,0.0,0.0026,26
Other Shop,Restaurant,0.0004,0.0,0.0022,22
Other Shop,Bar,0.0003,0.0,0.002,20
Other Shop,Cafe,0.0001,0.0,0.0009,9
Other Shop,Dessert Shop,0.0001,0.0,0.001,10
Other Shop,Alternative Medicine,0.0,0.0,0.0002,2
Other Shop,Arcade,0.0,0.0,0.0001,1
Other Shop,Bakery,0.0,0.0,0.0003,3
Other Shop,Community Center,0.0,0.0,0.0005,5
Other Shop,Fast Food,0.0,0.0,0.0006,6
Other Shop,Massage Therapy,0.0,0.0,0.0004,4
Other Shop,Nightclub,0.0,0.0,0.0001,1
Other Shop,Other Healthcare,0.0,0.0,0.0003,3
Other Shop,Performing Arts,0.0,0.0,0.0001,1
Other Shop,Physical Therapy,0.0,0.0,0.0001,1
Other Shop,Recreation,0.0,0.0,0.0007,7
Other Shop,School,0.0,0.0,0.0004,4
Park,Park,1.0,1.0,1.0,1588
Park,Other Amenity,0.9027,0.9027,0.0535,85
Park,Public Restroom,0.8528,0.8528,0.0,0
Park,Marina,0.8201,0.8201,0.0019,3
Park,Recreation,0.816,0.816,0.2021,321
Park,Playground,0.737,0.737,0.0472,75
Park,Dog Park,0.7194,0.7194,0.0157,25
Park,Fitness Center,0.6571,0.6571,0.0025,4
Park,Performing Arts,0.5803,0.5803,0.005,8
Park,Golf Course,0.5488,0.5488,0.0019,3
Park,Swimming Pool,0.5443,0.5443,0.0038,6
Park,Community Center,0.508,0.508,0.0246,39
Park,Bowling Alley,0.5016,0.5016,0.0,0
Park,Government Office,0.4806,0.4806,0.0019,3
Park,Sports Outlet,0.4723,0.4723,0.0,0
Park,Public Safety,0.4546,0.4546,0.0,0
Park,Campground,0.0002,0.0,0.0038,6
Park,Historic Site,0.0002,0.0,0.0038,6
Park,Museum,0.0001,0.0,0.0025,4
Park,Arts Venue,0.0,0.0,0.0006,1
Park,Home Service,0.0,0.0,0.0006,1
Park,Stadium,0.0,0.0,0.0006,1
Performing Arts,Performing Arts,1.0,1.0,1.0,1813
Performing Arts,Other Amenity,0.8275,0.8275,0.0083,15
Performing Arts,Recreation,0.7494,0.7494,0.0077,14
Performing Arts,Arts Venue,0.6899,0.6899,0.005,9
Performing Arts,Museum,0.6693,0.6693,0.0011,2
Performing Arts,Fitness Center,0.6666,0.6666,0.0072,13
Performing Arts,Event Venue,0.635,0.635,0.0105,19
Performing Arts,Stadium,0.6342,0.6342,0.0,0
Performing Arts,Nightclub,0.6236,0.6236,0.0022,4
Performing Arts,Movie Theater,0.6203,0.6203,0.0138,25
Performing Arts,Social Club,0.6028,0.6028,0.0,0
Performing Arts,Arcade,0.5865,0.5865,0.0006,1
Performing Arts,Casino,0.5859,0.5859,0.0,0
Performing Arts,Park,0.5803,0.5803,0.0006,1
Performing Arts,Golf Course,0.571,0.571,0.0,0
Performing Arts,Swimming Pool,0.5669,0.5669,0.0,0
Performing Arts,Bowling Alley,0.5278,0.5278,0.0,0
Performing Arts,Playground,0.4462,0.4462,0.0,0
Performing Arts,Dog Park,0.4368,0.4368,0.0,0
Performing Arts,Sports Outlet,0.4185,0.4185,0.0055,10
Performing Arts,Bar,0.0,0.0,0.0006,1
Performing Arts,Community Center,0.0,0.0,0.0017,3
Performing Arts,Kindergarten,0.0,0.0,0.0006,1
Performing Arts,Restaurant,0.0,0.0,0.0011,2
Performing Arts,University,0.0,0.0,0.0006,1
Pet Store,Pet Store,1.0,1.0,1.0,4606
Pet Store,Veterinarian,0.8868,0.8868,0.005,23
Pet Store,Animal Shelter,0.7812,0.7812,0.0256,118
Pet Store,Recreation,0.7054,0.7054,0.0033,15
Pet Store,Hair and Beauty,0.6806,0.6806,0.0002,1
Pet Store,Massage Therapy,0.6004,0.6004,0.0004,2
Pet Store,Specialty Store,0.5866,0.5866,0.0013,6
Pet Store,Hardware,0.516,0.516,0.0007,3
Pet Store,Tattoo and Piercing,0.4996,0.4996,0.0,0
Pet Store,Florist,0.4635,0.4635,0.0,0
Pet Store,Other Shop,0.4564,0.4564,0.0007,3
Pet Store,Sports Outlet,0.4483,0.4483,0.0004,2
Pet Store,Car Repair,0.4467,0.4467,0.0,0
Pet Store,Other Healthcare,0.4436,0.4436,0.0,0
Pet Store,Cell Phone Store,0.4434,0.4434,0.0,0
Pet Store,Furniture Store,0.4394,0.4394,0.0,0
Pet Store,Other Amenity,0.4392,0.4392,0.0,0
Pet Store,Pharmacy,0.4392,0.4392,0.0,0
Pet Store,Fast Food,0.4381,0.4381,0.0,0
Pet Store,Bookstore,0.4315,0.4315,0.0,0
Pet Store,Other Professional,0.43,0.43,0.0002,1
Pet Store,Garden Store,0.4179,0.4179,0.0007,3
Pet Store,Fitness Center,0.3911,0.3911,0.0,0
Pet Store,Bike shop,0.384,0.384,0.0,0
Pet Store,Cannabis Dispensary,0.3723,0.3723,0.0,0
Pet Store,Clothing Store,0.3675,0.3675,0.0002,1
Pet Store,Car Dealer,0.3481,0.3481,0.0,0
Pet Store,Convenience Store,0.3307,0.3307,0.0002,1
Pet Store,Supermarket,0.3289,0.3289,0.0,0
Pet Store,Thrift Store,0.3256,0.3256,0.0,0
Pet Store,Discount Store,0.3152,0.3152,0.0,0
Pet Store,Jewelry Store,0.3108,0.3108,0.0,0
Pet Store,Liquor Store,0.3018,0.3018,0.0,0
Pet Store,Shoe Store,0.2973,0.2973,0.0,0
Pet Store,Market,0.2917,0.2917,0.0,0
Pet Store,Farmers Market,0.2892,0.2892,0.0,0
Pet Store,Shopping Center,0.289,0.289,0.0,0
Pet Store,Eye Care,0.2806,0.2806,0.0,0
Pet Store,Wholesale Store,0.278,0.278,0.0002,1
Pet Store,Bar,0.0,0.0,0.0002,1
Pet Store,Community Center,0.0,0.0,0.0002,1
Pharmacy,Pharmacy,1.0,1.0,1.0,4347
Pharmacy,Specialty Store,0.6361,0.6361,0.009,39
Pharmacy,Hardware,0.554,0.554,0.0,0
Pharmacy,Other Shop,0.4988,0.4988,0.0396,172
Pharmacy,Florist,0.4939,0.4939,0.0007,3
Pharmacy,Sports Outlet,0.4767,0.4767,0.0,0
Pharmacy,Car Repair,0.4748,0.4748,0.0002,1
Pharmacy,Cell Phone Store,0.4711,0.4711,0.0,0
Pharmacy,Furniture Store,0.4666,0.4666,0.0002,1
Pharmacy,Bookstore,0.4577,0.4577,0.0,0
Pharmacy,Garden Store,0.4424,0.4424,0.0,0
Pharmacy,Pet Store,0.4392,0.4392,0.0,0
Pharmacy,Bike shop,0.4046,0.4046,0.0,0
Pharmacy,Clothing Store,0.3945,0.3945,0.0,0
Pharmacy,Cannabis Dispensary,0.3916,0.3916,0.0012,5
Pharmacy,Car Dealer,0.3722,0.3722,0.0,0
Pharmacy,Convenience Store,0.3524,0.3524,0.0297,129
Pharmacy,Supermarket,0.3503,0.3503,0.0007,3
Pharmacy,Thrift Store,0.3466,0.3466,0.0,0
Pharmacy,Discount Store,0.3349,0.3349,0.0,0
Pharmacy,Jewelry Store,0.3299,0.3299,0.0,0
Pharmacy,Liquor Store,0.3197,0.3197,0.0,0
Pharmacy,Shoe Store,0.3147,0.3147,0.0,0
Pharmacy,Market,0.3085,0.3085,0.0,0
Pharmacy,Farmers Market,0.3056,0.3056,0.0,0
Pharmacy,Shopping Center,0.3054,0.3054,0.0,0
Pharmacy,Eye Care,0.2961,0.2961,0.0,0
Pharmacy,Wholesale Store,0.2932,0.2932,0.0,0
Pharmacy,Clinic,0.0002,0.0,0.0021,9
Pharmacy,ATM,0.0,0.0,0.0005,2
Pharmacy,Alternative Medicine,0.0,0.0,0.0002,1
Pharmacy,Hair and Beauty,0.0,0.0,0.0002,1
Pharmacy,Other Healthcare,0.0,0.0,0.0002,1
Pharmacy,Restaurant,0.0,0.0,0.0002,1
Physical Therapy,Physical Therapy,1.0,1.0,1.0,1006
Physical Therapy,Speech Therapist,0.7765,0.7765,0.001,1
Physical Therapy,Occupational Therapy,0.7669,0.7669,0.0129,13
Physical Therapy,Clinic,0.6175,0.6175,0.0328,33
Physical Therapy,Other Healthcare,0.552,0.552,0.0845,85
Physical Therapy,Dentist,0.5009,0.5009,0.0,0
Physical Therapy,Mental Health,0.4922,0.4922,0.0686,69
Physical Therapy,Alternative Medicine,0.485,0.485,0.0089,9
Physical Therapy,Counseling,0.464,0.464,0.002,2
Physical Therapy,Eye Care,0.4476,0.4476,0.0,0
Physical Therapy,Hospital,0.3783,0.3783,0.0258,26
Physical Therapy,Maternity Center,0.3429,0.3429,0.0,0
Physical Therapy,Public Safety,0.3265,0.3265,0.0,0
Physical Therapy,Cannabis Dispensary,0.3213,0.3213,0.0,0
Physical Therapy,Other Financial,0.2969,0.2969,0.0,0
Physical Therapy,Fitness Center,0.0,0.0,0.002,2
Place of Worship,Place of Worship,1.0,1.0,1.0,25733
Place of Worship,Historic Site,0.7616,0.7616,0.0003,9
Place of Worship,Community Center,0.4997,0.4997,0.0052,135
Place of Worship,Cemetery,0.4741,0.4741,0.0,0
Place of Worship,Other Amenity,0.3422,0.3422,0.0,0
Place of Worship,Fitness Center,0.0,0.0,0.0,1
Place of Worship,Home Service,0.0,0.0,0.0001,2
Place of Worship,Hotel,0.0,0.0,0.0,1
Place of Worship,Kindergarten,0.0,0.0,0.0,1
Place of Worship,Other Financial,0.0,0.0,0.0,1
Place of Worship,Other Healthcare,0.0,0.0,0.0,1
Place of Worship,Other Professional,0.0,0.0,0.0,1
Place of Worship,Real Estate,0.0,0.0,0.0002,5
Place of Worship,School,0.0,0.0,0.0002,5
Place of Worship,Specialty Store,0.0,0.0,0.0,1
Playground,Playground,1.0,1.0,1.0,46
Playground,Park,0.737,0.737,0.1739,8
Playground,Recreation,0.5736,0.5736,0.3478,16
Playground,Dog Park,0.5724,0.5724,0.0,0
Playground,Fitness Center,0.4903,0.4903,0.0435,2
Playground,Performing Arts,0.4462,0.4462,0.0,0
Playground,Golf Course,0.4273,0.4273,0.0,0
Playground,Swimming Pool,0.4246,0.4246,0.0,0
Playground,Bowling Alley,0.3981,0.3981,0.0,0
Playground,Sports Outlet,0.3795,0.3795,0.0,0
Playground,Cafe,0.0002,0.0,0.0217,1
Post Office,Post Office,1.0,1.0,1.0,1446
Post Office,Other Professional,0.9097,0.9097,0.0491,71
Post Office,Other Financial,0.3042,0.3042,0.0007,1
Post Office,Home Service,0.2994,0.2994,0.0,0
Post Office,Real Estate,0.2885,0.2885,0.0,0
Post Office,Legal Service,0.2664,0.2664,0.0021,3
Post Office,Bank,0.2445,0.2445,0.0,0
Post Office,ATM,0.2414,0.2414,0.0,0
Post Office,Self-Storage,0.2344,0.2344,0.0,0
Post Office,Print and Copy Shop,0.2274,0.2274,0.0131,19
Post Office,Laundromat,0.2216,0.2216,0.0,0
Post Office,Childcare,0.2194,0.2194,0.0,0
Post Office,Funeral Services,0.2132,0.2132,0.0,0
Post Office,Dry Cleaning,0.2049,0.2049,0.0,0
Post Office,Other Amenity,0.1962,0.1962,0.0,0
Post Office,Other Shop,0.1644,0.1644,0.0,0
Post Office,Fast Food,0.0,0.0,0.0007,1
Print and Copy Shop,Print and Copy Shop,1.0,1.0,0.6986,459
Print and Copy Shop,Post Office,0.8979,0.2274,1.0,657
Print and Copy Shop,Other Financial,0.3228,0.3228,0.0,0
Print and Copy Shop,Home Service,0.3174,0.3174,0.0061,4
Print and Copy Shop,Real Estate,0.3051,0.3051,0.0,0
Print and Copy Shop,Other Professional,0.2857,0.2857,0.0822,54
Print and Copy Shop,Legal Service,0.2805,0.2805,0.003,2
Print and Copy Shop,Bank,0.2563,0.2563,0.0,0
Print and Copy Shop,ATM,0.2529,0.2529,0.0,0
Print and Copy Shop,Self-Storage,0.2452,0.2452,0.0,0
Print and Copy Shop,Laundromat,0.2313,0.2313,0.0,0
Print and Copy Shop,Childcare,0.2288,0.2288,0.0,0
Print and Copy Shop,Funeral Services,0.2221,0.2221,0.0,0
Print and Copy Shop,Dry Cleaning,0.2131,0.2131,0.0,0
Print and Copy Shop,Other Amenity,0.2038,0.2038,0.0,0
Print and Copy Shop,Other Shop,0.1696,0.1696,0.0,0
Print and Copy Shop,Specialty Store,0.0,0.0,0.0015,1
Public Restroom,Public Restroom,1.0,1.0,0.0,0
Public Restroom,Park,0.8528,0.8528,0.0,0
Public Restroom,Other Amenity,0.8144,0.8144,0.0,0
Public Restroom,Community Center,0.4392,0.4392,0.0,0
Public Restroom,Government Office,0.4186,0.4186,0.0,0
Public Restroom,Public Safety,0.3987,0.3987,0.0,0
Public Safety,Public Safety,1.0,1.0,1.0,3012
Public Safety,Clinic,0.9261,0.9261,0.0003,1
Public Safety,Hospital,0.8517,0.8517,0.0,0
Public Safety,Community Center,0.6832,0.6832,0.004,12
Public Safety,Government Office,0.6345,0.6345,0.0123,37
Public Safety,Park,0.4546,0.4546,0.0,0
Public Safety,Other Healthcare,0.4441,0.4441,0.001,3
Public Safety,Other Amenity,0.4271,0.4271,0.0,0
Public Safety,Public Restroom,0.3987,0.3987,0.0,0
Public Safety,Dentist,0.3598,0.3598,0.0,0
Public Safety,Mental Health,0.3545,0.3545,0.0,0
Public Safety,Alternative Medicine,0.3501,0.3501,0.0,0
Public Safety,Counseling,0.3372,0.3372,0.0,0
Public Safety,Eye Care,0.327,0.327,0.0,0
Public Safety,Physical Therapy,0.3265,0.3265,0.0003,1
Public Safety,Cannabis Dispensary,0.2815,0.2815,0.0,0
Public Safety,Speech Therapist,0.2781,0.2781,0.0,0
Public Safety,Occupational Therapy,0.2751,0.2751,0.0,0
Public Safety,Other Financial,0.2626,0.2626,0.0003,1
Public Safety,Maternity Center,0.2593,0.2593,0.0,0
Public Safety,Home Service,0.0001,0.0,0.0013,4
Public Safety,Legal Service,0.0,0.0,0.0003,1
Public Safety,Real Estate,0.0,0.0,0.0003,1
Real Estate,Real Estate,1.0,1.0,1.0,2142
Real Estate,Other Professional,0.5654,0.5654,0.0033,7
Real Estate,Other Financial,0.4617,0.4617,0.021,45
Real Estate,Home Service,0.4507,0.4507,0.0042,9
Real Estate,Legal Service,0.3798,0.3798,0.0019,4
Real Estate,Bank,0.3368,0.3368,0.0,0
Real Estate,ATM,0.331,0.331,0.0,0
Real Estate,Self-Storage,0.3179,0.3179,0.0005,1
Real Estate,Print and Copy Shop,0.3051,0.3051,0.0,0
Real Estate,Laundromat,0.2949,0.2949,0.0,0
Real Estate,Childcare,0.2909,0.2909,0.0,0
Real Estate,Post Office,0.2885,0.2885,0.0,0
Real Estate,Funeral Services,0.2801,0.2801,0.0,0
Real Estate,Dry Cleaning,0.266,0.266,0.0,0
Real Estate,Other Amenity,0.2516,0.2516,0.0,0
Real Estate,Other Shop,0.2015,0.2015,0.0,0
Real Estate,Community Center,0.0,0.0,0.0005,1
Real Estate,Historic Site,0.0,0.0,0.0005,1
Real Estate,Hotel,0.0,0.0,0.0005,1
Recreation,Recreation,1.0,1.0,1.0,2535
Recreation,Fitness Center,0.9808,0.9808,0.2611,662
Recreation,Arcade,0.8314,0.8314,0.0122,31
Recreation,Casino,0.8308,0.8308,0.0008,2
Recreation,Park,0.816,0.816,0.0217,55
Recreation,Marina,0.7623,0.7623,0.0024,6
Recreation,Performing Arts,0.7494,0.7494,0.0142,36
Recreation,Other Amenity,0.7091,0.7091,0.0178,45
Recreation,Golf Course,0.7057,0.7057,0.0181,46
Recreation,Pet Store,0.7054,0.7054,0.0032,8
Recreation,Swimming Pool,0.6995,0.6995,0.0947,240
Recreation,Veterinarian,0.6471,0.6471,0.0,0
Recreation,Bowling Alley,0.6408,0.6408,0.0154,39
Recreation,Arts Venue,0.6056,0.6056,0.002,5
Recreation,Museum,0.5897,0.5897,0.0363,92
Recreation,Animal Shelter,0.589,0.589,0.0008,2
Recreation,Playground,0.5736,0.5736,0.03,76
Recreation,Event Venue,0.5629,0.5629,0.0047,12
Recreation,Stadium,0.5623,0.5623,0.017,43
Recreation,Dog Park,0.5582,0.5582,0.0,0
Recreation,Nightclub,0.5539,0.5539,0.0008,2
Recreation,Movie Theater,0.5513,0.5513,0.0008,2
Recreation,Social Club,0.5374,0.5374,0.0004,1
Recreation,Sports Outlet,0.5286,0.5286,0.0513,130
Recreation,Hair and Beauty,0.4538,0.4538,0.0012,3
Recreation,Massage Therapy,0.4167,0.4167,0.0292,74
Recreation,Tattoo and Piercing,0.3656,0.3656,0.0,0
Recreation,Other Healthcare,0.3346,0.3346,0.0032,8
Recreation,Fast Food,0.3315,0.3315,0.0,0
Recreation,Other Professional,0.3269,0.3269,0.0024,6
Recreation,Specialty Store,0.3064,0.3064,0.0047,12
Recreation,Community Center,0.0003,0.0,0.0036,9
Recreation,Bar,0.0001,0.0,0.0016,4
Recreation,Historic Site,0.0001,0.0,0.0016,4
Recreation,Cafe,0.0,0.0,0.0004,1
Recreation,Campground,0.0,0.0,0.0004,1
Recreation,Government Office,0.0,0.0,0.0004,1
Recreation,Home Service,0.0,0.0,0.0004,1
Recreation,Kindergarten,0.0,0.0,0.0004,1
Recreation,Other Financial,0.0,0.0,0.0008,2
Recreation,Restaurant,0.0,0.0,0.0004,1
Recreation,School,0.0,0.0,0.0004,1
Restaurant,Restaurant,1.0,1.0,1.0,70994
Restaurant,Bar,0.6353,0.6353,0.055,3905
Restaurant,Cafe,0.6305,0.6305,0.0224,1592
Restaurant,Fast Food,0.6212,0.6212,0.0258,1835
Restaurant,Dessert Shop,0.5986,0.5986,0.0054,380
Restaurant,Bakery,0.5797,0.5797,0.0069,491
Restaurant,Arcade,0.0,0.0,0.0,1
Restaurant,Bank,0.0,0.0,0.0,1
Restaurant,Bowling Alley,0.0,0.0,0.0,1
Restaurant,Car Repair,0.0,0.0,0.0,1
Restaurant,Community Center,0.0,0.0,0.0,1
Restaurant,Convenience Store,0.0,0.0,0.0,2
Restaurant,Farmers Market,0.0,0.0,0.0,1
Restaurant,Home Service,0.0,0.0,0.0,2
Restaurant,Hotel,0.0,0.0,0.0001,8
Restaurant,Legal Service,0.0,0.0,0.0001,7
Restaurant,Liquor Store,0.0,0.0,0.0,1
Restaurant,Marina,0.0,0.0,0.0,1
Restaurant,Museum,0.0,0.0,0.0,1
Restaurant,Nightclub,0.0,0.0,0.0,1
Restaurant,Other Financial,0.0,0.0,0.0001,6
Restaurant,Other Healthcare,0.0,0.0,0.0,2
Restaurant,Other Professional,0.0,0.0,0.0001,5
Restaurant,Performing Arts,0.0,0.0,0.0001,8
Restaurant,Real Estate,0.0,0.0,0.0001,6
Restaurant,Recreation,0.0,0.0,0.0,2
Restaurant,Specialty Store,0.0,0.0,0.0001,9
Restaurant,Sports Outlet,0.0,0.0,0.0,1
Restaurant,Supermarket,0.0,0.0,0.0,2
School,School,1.0,1.0,1.0,17048
School,University,0.9676,0.9676,0.0089,152
School,Kindergarten,0.8237,0.8237,0.0147,250
School,Library,0.7155,0.7155,0.0002,3
School,Other Professional,0.6286,0.6286,0.0016,28
School,Government Office,0.5493,0.5493,0.0029,50
School,Community Center,0.0001,0.0,0.0008,13
School,Childcare,0.0,0.0,0.0004,7
School,Home Service,0.0,0.0,0.0001,1
School,Museum,0.0,0.0,0.0001,1
School,Other Financial,0.0,0.0,0.0001,1
School,Other Healthcare,0.0,0.0,0.0001,1
School,Performing Arts,0.0,0.0,0.0001,2
School,Place of Worship,0.0,0.0,0.0001,2
School,Recreation,0.0,0.0,0.0001,2
School,Specialty Store,0.0,0.0,0.0001,1
School,Stadium,0.0,0.0,0.0001,1
Self-Storage,Self-Storage,1.0,1.0,1.0,1712
Self-Storage,Other Financial,0.3371,0.3371,0.0,0
Self-Storage,Home Service,0.3312,0.3312,0.0035,6
Self-Storage,Real Estate,0.3179,0.3179,0.0006,1
Self-Storage,Other Professional,0.2969,0.2969,0.0,0
Self-Storage,Legal Service,0.2913,0.2913,0.0,0
Self-Storage,Bank,0.2653,0.2653,0.0,0
Self-Storage,ATM,0.2617,0.2617,0.0,0
Self-Storage,Print and Copy Shop,0.2452,0.2452,0.0,0
Self-Storage,Laundromat,0.2386,0.2386,0.0,0
Self-Storage,Childcare,0.236,0.236,0.0,0
Self-Storage,Post Office,0.2344,0.2344,0.0,0
Self-Storage,Funeral Services,0.2288,0.2288,0.0,0
Self-Storage,Dry Cleaning,0.2193,0.2193,0.0,0
Self-Storage,Other Amenity,0.2094,0.2094,0.0,0
Self-Storage,Other Shop,0.1735,0.1735,0.0,0
Shoe Store,Shoe Store,1.0,1.0,1.0,1436
Shoe Store,Clothing Store,0.7621,0.7621,0.094,135
Shoe Store,Jewelry Store,0.6437,0.6437,0.0007,1
Shoe Store,Eye Care,0.5809,0.5809,0.0,0
Shoe Store,Other Shop,0.4603,0.4603,0.0007,1
Shoe Store,Specialty Store,0.4211,0.4211,0.0383,55
Shoe Store,Hardware,0.3701,0.3701,0.0,0
Shoe Store,Car Dealer,0.3503,0.3503,0.0,0
Shoe Store,Convenience Store,0.3327,0.3327,0.0,0
Shoe Store,Florist,0.3322,0.3322,0.0,0
Shoe Store,Supermarket,0.3309,0.3309,0.0,0
Shoe Store,Thrift Store,0.3275,0.3275,0.0021,3
Shoe Store,Sports Outlet,0.3213,0.3213,0.0474,68
Shoe Store,Car Repair,0.3201,0.3201,0.0,0
Shoe Store,Cell Phone Store,0.3177,0.3177,0.0,0
Shoe Store,Discount Store,0.3171,0.3171,0.0,0
Shoe Store,Furniture Store,0.3148,0.3148,0.0,0
Shoe Store,Pharmacy,0.3147,0.3147,0.0,0
Shoe Store,Bookstore,0.3091,0.3091,0.0,0
Shoe Store,Liquor Store,0.3034,0.3034,0.0,0
Shoe Store,Garden Store,0.2993,0.2993,0.0,0
Shoe Store,Pet Store,0.2973,0.2973,0.0007,1
Shoe Store,Market,0.2933,0.2933,0.0,0
Shoe Store,Farmers Market,0.2907,0.2907,0.0,0
Shoe Store,Shopping Center,0.2905,0.2905,0.0,0
Shoe Store,Wholesale Store,0.2795,0.2795,0.0,0
Shoe Store,Bike shop,0.2749,0.2749,0.0,0
Shoe Store,Cannabis Dispensary,0.2665,0.2665,0.0,0
Shopping Center,Shopping Center,1.0,1.0,1.0,309
Shopping Center,Other Shop,0.4406,0.4406,0.0259,8
Shopping Center,Specialty Store,0.4046,0.4046,0.0583,18
Shopping Center,Hardware,0.3573,0.3573,0.0032,1
Shopping Center,Clothing Store,0.3572,0.3572,0.0227,7
Shopping Center,Car Dealer,0.3388,0.3388,0.0,0
Shopping Center,Convenience Store,0.3223,0.3223,0.0032,1
Shopping Center,Florist,0.3219,0.3219,0.0032,1
Shopping Center,Supermarket,0.3206,0.3206,0.0032,1
Shopping Center,Thrift Store,0.3175,0.3175,0.0032,1
Shopping Center,Sports Outlet,0.3116,0.3116,0.0,0
Shopping Center,Car Repair,0.3105,0.3105,0.0032,1
Shopping Center,Cell Phone Store,0.3082,0.3082,0.0,0
Shopping Center,Discount Store,0.3076,0.3076,0.0032,1
Shopping Center,Furniture Store,0.3055,0.3055,0.0,0
Shopping Center,Pharmacy,0.3054,0.3054,0.0,0
Shopping Center,Jewelry Store,0.3034,0.3034,0.0,0
Shopping Center,Bookstore,0.3001,0.3001,0.0,0
Shopping Center,Liquor Store,0.2948,0.2948,0.0,0
Shopping Center,Garden Store,0.2909,0.2909,0.0,0
Shopping Center,Shoe Store,0.2905,0.2905,0.0,0
Shopping Center,Pet Store,0.289,0.289,0.0,0
Shopping Center,Market,0.2852,0.2852,0.0065,2
Shopping Center,Farmers Market,0.2828,0.2828,0.0,0
Shopping Center,Eye Care,0.2746,0.2746,0.0,0
Shopping Center,Wholesale Store,0.2721,0.2721,0.0,0
Shopping Center,Bike shop,0.2678,0.2678,0.0,0
Shopping Center,Cannabis Dispensary,0.2598,0.2598,0.0,0
Shopping Center,Fast Food,0.0,0.0,0.0032,1
Shopping Center,Other Amenity,0.0,0.0,0.0032,1
Shopping Center,Restaurant,0.0,0.0,0.0032,1
Social Club,Social Club,1.0,1.0,0.0923,42
Social Club,Community Center,0.8198,0.0,1.0,455
Social Club,Other Amenity,0.6894,0.6894,0.011,5
Social Club,Performing Arts,0.6028,0.6028,0.0044,2
Social Club,Arts Venue,0.5911,0.5911,0.0022,1
Social Club,Museum,0.5759,0.5759,0.0132,6
Social Club,Event Venue,0.5503,0.5503,0.0044,2
Social Club,Stadium,0.5498,0.5498,0.0,0
Social Club,Nightclub,0.5417,0.5417,0.0,0
Social Club,Movie Theater,0.5393,0.5393,0.0,0
Social Club,Recreation,0.5374,0.5374,0.0286,13
Social Club,Arcade,0.5135,0.5135,0.0066,3
Social Club,Casino,0.5131,0.5131,0.0,0
Social Club,Bar,0.0,0.0,0.0022,1
Social Club,Hotel,0.0,0.0,0.0022,1
Social Club,Kindergarten,0.0,0.0,0.0022,1
Social Club,School,0.0,0.0,0.0022,1
Social Club,Specialty Store,0.0,0.0,0.0022,1
Specialty Store,Specialty Store,1.0,1.0,0.8788,4046
Specialty Store,Hardware,0.996,0.8109,1.0,4604
Specialty Store,Cell Phone Store,0.9375,0.9375,0.0159,73
Specialty Store,Cannabis Dispensary,0.9237,0.9237,0.0046,21
Specialty Store,Supermarket,0.9047,0.9047,0.0026,12
Specialty Store,Thrift Store,0.8986,0.8986,0.0193,89
Specialty Store,Bookstore,0.8754,0.8754,0.0067,31
Specialty Store,Florist,0.8687,0.8687,0.252,1160
Specialty Store,Other Shop,0.832,0.832,0.0649,299
Specialty Store,Liquor Store,0.8144,0.8144,0.0011,5
Specialty Store,Market,0.7147,0.7147,0.0052,24
Specialty Store,Sports Outlet,0.6554,0.6554,0.0037,17
Specialty Store,Car Repair,0.6519,0.6519,0.007,32
Specialty Store,Furniture Store,0.6364,0.6364,0.0163,75
Specialty Store,Pharmacy,0.6361,0.6361,0.0007,3
Specialty Store,Garden Store,0.5923,0.5923,0.0072,33
Specialty Store,Pet Store,0.5866,0.5866,0.0011,5
Specialty Store,Clothing Store,0.5775,0.5775,0.0326,150
Specialty Store,Car Dealer,0.5308,0.5308,0.0004,2
Specialty Store,Hair and Beauty,0.5271,0.5271,0.0,0
Specialty Store,Bike shop,0.5264,0.5264,0.0002,1
Specialty Store,Convenience Store,0.4914,0.4914,0.0028,13
Specialty Store,Discount Store,0.458,0.458,0.0011,5
Specialty Store,Jewelry Store,0.4487,0.4487,0.0085,39
Specialty Store,Tattoo and Piercing,0.426,0.426,0.0004,2
Specialty Store,Shoe Store,0.4211,0.4211,0.0011,5
Specialty Store,Massage Therapy,0.4103,0.4103,0.0004,2
Specialty Store,Farmers Market,0.405,0.405,0.0004,2
Specialty Store,Shopping Center,0.4046,0.4046,0.0002,1
Specialty Store,Eye Care,0.3885,0.3885,0.0002,1
Specialty Store,Wholesale Store,0.3835,0.3835,0.0004,2
Specialty Store,Other Professional,0.3814,0.3814,0.0337,155
Specialty Store,Veterinarian,0.3632,0.3632,0.0,0
Specialty Store,Animal Shelter,0.331,0.331,0.0,0
Specialty Store,Other Healthcare,0.3305,0.3305,0.0004,2
Specialty Store,Other Amenity,0.328,0.328,0.0011,5
Specialty Store,Fast Food,0.3274,0.3274,0.0004,2
Specialty Store,Recreation,0.3064,0.3064,0.0002,1
Specialty Store,Fitness Center,0.3004,0.3004,0.0,0
Specialty Store,Home Service,0.0005,0.0,0.0037,17
Specialty Store,Arts Venue,0.0,0.0,0.0009,4
Specialty Store,Bar,0.0,0.0,0.0009,4
Specialty Store,Cafe,0.0,0.0,0.0007,3
Specialty Store,Dessert Shop,0.0,0.0,0.0002,1
Specialty Store,Event Venue,0.0,0.0,0.0002,1
Specialty Store,Legal Service,0.0,0.0,0.0002,1
Specialty Store,Museum,0.0,0.0,0.0002,1
Specialty Store,Real Estate,0.0,0.0,0.0009,4
Speech Therapist,Speech Therapist,1.0,1.0,1.0,24
Speech Therapist,Physical Therapy,0.7765,0.7765,0.0833,2
Speech Therapist,Occupational Therapy,0.6574,0.6574,0.0833,2
Speech Therapist,Clinic,0.4822,0.4822,0.0833,2
Speech Therapist,Other Healthcare,0.4266,0.4266,0.0833,2
Speech Therapist,Dentist,0.408,0.408,0.0,0
Speech Therapist,Mental Health,0.4022,0.4022,0.0,0
Speech Therapist,Alternative Medicine,0.3974,0.3974,0.0,0
Speech Therapist,Counseling,0.3832,0.3832,0.0417,1
Speech Therapist,Eye Care,0.372,0.372,0.0,0
Speech Therapist,Hospital,0.3149,0.3149,0.0,0
Speech Therapist,Maternity Center,0.2967,0.2967,0.0,0
Speech Therapist,Public Safety,0.2781,0.2781,0.0,0
Speech Therapist,Cannabis Dispensary,0.2744,0.2744,0.0,0
Speech Therapist,Other Financial,0.2564,0.2564,0.0,0
Speech Therapist,Massage Therapy,0.0004,0.0,0.0417,1
Sports Outlet,Sports Outlet,1.0,1.0,1.0,1702
Sports Outlet,Bike shop,0.8459,0.8459,0.0071,12
Sports Outlet,Specialty Store,0.6554,0.6554,0.0241,41
Sports Outlet,Hardware,0.5685,0.5685,0.0006,1
Sports Outlet,Recreation,0.5286,0.5286,0.0335,57
Sports Outlet,Other Shop,0.5154,0.5154,0.0159,27
Sports Outlet,Florist,0.5054,0.5054,0.0,0
Sports Outlet,Car Repair,0.4855,0.4855,0.0018,3
Sports Outlet,Cell Phone Store,0.4816,0.4816,0.0,0
Sports Outlet,Furniture Store,0.4769,0.4769,0.0006,1
Sports Outlet,Pharmacy,0.4767,0.4767,0.0,0
Sports Outlet,Park,0.4723,0.4723,0.0,0
Sports Outlet,Bookstore,0.4675,0.4675,0.0006,1
Sports Outlet,Fitness Center,0.457,0.457,0.0053,9
Sports Outlet,Garden Store,0.4516,0.4516,0.0006,1
Sports Outlet,Pet Store,0.4483,0.4483,0.0,0
Sports Outlet,Performing Arts,0.4185,0.4185,0.0,0
Sports Outlet,Clothing Store,0.4049,0.4049,0.01,17
Sports Outlet,Golf Course,0.4019,0.4019,0.0082,14
Sports Outlet,Swimming Pool,0.3995,0.3995,0.0,0
Sports Outlet,Cannabis Dispensary,0.3988,0.3988,0.0,0
Sports Outlet,Car Dealer,0.3814,0.3814,0.0047,8
Sports Outlet,Playground,0.3795,0.3795,0.0,0
Sports Outlet,Bowling Alley,0.3759,0.3759,0.0006,1
Sports Outlet,Dog Park,0.3727,0.3727,0.0,0
Sports Outlet,Convenience Store,0.3606,0.3606,0.0018,3
Sports Outlet,Supermarket,0.3585,0.3585,0.0,0
Sports Outlet,Thrift Store,0.3545,0.3545,0.0006,1
Sports Outlet,Discount Store,0.3423,0.3423,0.0,0
Sports Outlet,Jewelry Store,0.3371,0.3371,0.0,0
Sports Outlet,Liquor Store,0.3265,0.3265,0.0,0
Sports Outlet,Shoe Store,0.3213,0.3213,0.0435,74
Sports Outlet,Market,0.3148,0.3148,0.0,0
Sports Outlet,Farmers Market,0.3118,0.3118,0.0,0
Sports Outlet,Shopping Center,0.3116,0.3116,0.0006,1
Sports Outlet,Eye Care,0.3019,0.3019,0.0,0
Sports Outlet,Wholesale Store,0.2989,0.2989,0.0006,1
Sports Outlet,Other Healthcare,0.0,0.0,0.0006,1
Sports Outlet,Other Professional,0.0,0.0,0.0006,1
Sports Outlet,Print and Copy Shop,0.0,0.0,0.0006,1
Stadium,Stadium,1.0,1.0,1.0,92
Stadium,Other Amenity,0.7308,0.7308,0.0109,1
Stadium,Performing Arts,0.6342,0.6342,0.0978,9
Stadium,Arts Venue,0.6213,0.6213,0.0,0
Stadium,Museum,0.6046,0.6046,0.0,0
Stadium,Event Venue,0.5764,0.5764,0.0217,2
Stadium,Nightclub,0.567,0.567,0.0,0
Stadium,Movie Theater,0.5643,0.5643,0.0,0
Stadium,Recreation,0.5623,0.5623,0.1957,18
Stadium,Social Club,0.5498,0.5498,0.0,0
Stadium,Arcade,0.5362,0.5362,0.0,0
Stadium,Casino,0.5357,0.5357,0.0,0
Supermarket,Supermarket,1.0,1.0,1.0,12970
Supermarket,Specialty Store,0.9047,0.9047,0.1007,1306
Supermarket,Liquor Store,0.7501,0.7501,0.0032,41
Supermarket,Other Shop,0.5406,0.5406,0.0181,235
Supermarket,Hardware,0.4204,0.4204,0.0008,11
Supermarket,Clothing Store,0.4203,0.4203,0.099,1284
Supermarket,Car Dealer,0.395,0.395,0.0001,1
Supermarket,Convenience Store,0.3728,0.3728,0.0069,89
Supermarket,Florist,0.3722,0.3722,0.0012,15
Supermarket,Thrift Store,0.3663,0.3663,0.0002,3
Supermarket,Sports Outlet,0.3585,0.3585,0.0,0
Supermarket,Car Repair,0.357,0.357,0.002,26
Supermarket,Cell Phone Store,0.354,0.354,0.0008,11
Supermarket,Discount Store,0.3532,0.3532,0.0352,457
Supermarket,Furniture Store,0.3505,0.3505,0.0002,3
Supermarket,Pharmacy,0.3503,0.3503,0.0154,200
Supermarket,Jewelry Store,0.3477,0.3477,0.0007,9
Supermarket,Bookstore,0.3434,0.3434,0.0,0
Supermarket,Garden Store,0.3314,0.3314,0.006,78
Supermarket,Shoe Store,0.3309,0.3309,0.0,0
Supermarket,Pet Store,0.3289,0.3289,0.0001,1
Supermarket,Market,0.324,0.324,0.0002,3
Supermarket,Farmers Market,0.3209,0.3209,0.0179,232
Supermarket,Shopping Center,0.3206,0.3206,0.0002,2
Supermarket,Eye Care,0.3104,0.3104,0.0006,8
Supermarket,Wholesale Store,0.3072,0.3072,0.0011,14
Supermarket,Bike shop,0.3017,0.3017,0.0001,1
Supermarket,Cannabis Dispensary,0.2916,0.2916,0.0002,3
Supermarket,Gas Station,0.0002,0.0,0.0012,16
Supermarket,Bakery,0.0001,0.0,0.0007,9
Supermarket,Fast Food,0.0001,0.0,0.0009,12
Supermarket,Restaurant,0.0001,0.0,0.001,13
Supermarket,Cafe,0.0,0.0,0.0001,1
Supermarket,Hair and Beauty,0.0,0.0,0.0002,2
Supermarket,Other Amenity,0.0,0.0,0.0001,1
Supermarket,Other Financial,0.0,0.0,0.0006,8
Supermarket,Other Healthcare,0.0,0.0,0.0001,1
Supermarket,Other Professional,0.0,0.0,0.0001,1
Supermarket,Print and Copy Shop,0.0,0.0,0.0001,1
Supermarket,Tire Store,0.0,0.0,0.0001,1
Swimming Pool,Swimming Pool,1.0,1.0,1.0,50
Swimming Pool,Recreation,0.6995,0.6995,0.18,9
Swimming Pool,Fitness Center,0.6268,0.6268,0.04,2
Swimming Pool,Performing Arts,0.5669,0.5669,0.0,0
Swimming Pool,Park,0.5443,0.5443,0.0,0
Swimming Pool,Golf Course,0.5416,0.5416,0.0,0
Swimming Pool,Bowling Alley,0.5025,0.5025,0.0,0
Swimming Pool,Playground,0.4246,0.4246,0.0,0
Swimming Pool,Dog Park,0.4161,0.4161,0.0,0
Swimming Pool,Sports Outlet,0.3995,0.3995,0.02,1
Tattoo and Piercing,Tattoo and Piercing,1.0,1.0,1.0,1249
Tattoo and Piercing,Hair and Beauty,0.6895,0.6895,0.0072,9
Tattoo and Piercing,Massage Therapy,0.5237,0.5237,0.0016,2
Tattoo and Piercing,Pet Store,0.4996,0.4996,0.0,0
Tattoo and Piercing,Other Professional,0.4598,0.4598,0.0016,2
Tattoo and Piercing,Veterinarian,0.4493,0.4493,0.0,0
Tattoo and Piercing,Specialty Store,0.426,0.426,0.0032,4
Tattoo and Piercing,Animal Shelter,0.401,0.401,0.0,0
Tattoo and Piercing,Other Healthcare,0.4003,0.4003,0.0,0
Tattoo and Piercing,Other Amenity,0.3967,0.3967,0.0008,1
Tattoo and Piercing,Fast Food,0.3958,0.3958,0.0,0
Tattoo and Piercing,Recreation,0.3656,0.3656,0.0,0
Tattoo and Piercing,Fitness Center,0.357,0.357,0.0,0
Thrift Store,Thrift Store,1.0,1.0,1.0,1227
Thrift Store,Specialty Store,0.8986,0.8986,0.053,65
Thrift Store,Market,0.7774,0.7774,0.0114,14
Thrift Store,Other Shop,0.7656,0.7656,0.0041,5
Thrift Store,Hardware,0.415,0.415,0.0024,3
Thrift Store,Clothing Store,0.4149,0.4149,0.044,54
Thrift Store,Car Dealer,0.3902,0.3902,0.0008,1
Thrift Store,Convenience Store,0.3685,0.3685,0.0,0
Thrift Store,Florist,0.3679,0.3679,0.0016,2
Thrift Store,Supermarket,0.3663,0.3663,0.0,0
Thrift Store,Sports Outlet,0.3545,0.3545,0.0,0
Thrift Store,Car Repair,0.3531,0.3531,0.0008,1
Thrift Store,Cell Phone Store,0.3502,0.3502,0.0,0
Thrift Store,Discount Store,0.3494,0.3494,0.0065,8
Thrift Store,Furniture Store,0.3467,0.3467,0.0049,6
Thrift Store,Pharmacy,0.3466,0.3466,0.0,0
Thrift Store,Jewelry Store,0.344,0.344,0.013,16
Thrift Store,Bookstore,0.3398,0.3398,0.0033,4
Thrift Store,Liquor Store,0.333,0.333,0.0,0
Thrift Store,Garden Store,0.328,0.328,0.0,0
Thrift Store,Shoe Store,0.3275,0.3275,0.0,0
Thrift Store,Pet Store,0.3256,0.3256,0.0,0
Thrift Store,Farmers Market,0.3177,0.3177,0.0,0
Thrift Store,Shopping Center,0.3175,0.3175,0.0,0
Thrift Store,Eye Care,0.3074,0.3074,0.0,0
Thrift Store,Wholesale Store,0.3043,0.3043,0.0,0
Thrift Store,Bike shop,0.2989,0.2989,0.0,0
Thrift Store,Cannabis Dispensary,0.289,0.289,0.0,0
Thrift Store,Community Center,0.0001,0.0,0.0024,3
Thrift Store,Other Healthcare,0.0,0.0,0.0008,1
Tire Store,Tire Store,1.0,1.0,0.1122,176
Tire Store,Car Repair,0.9796,0.66,1.0,1569
Tire Store,Gas Station,0.5393,0.5393,0.0013,2
Tire Store,Car Wash,0.5188,0.5188,0.0,0
Tire Store,Charging Station,0.4313,0.4313,0.0,0
Tire Store,Specialty Store,0.0,0.0,0.0006,1
University,University,1.0,1.0,1.0,1282
University,School,0.9676,0.9676,0.2098,269
University,Kindergarten,0.6399,0.6399,0.0,0
University,Library,0.5794,0.5794,0.0023,3
University,Other Professional,0.5211,0.5211,0.014,18
University,Government Office,0.4654,0.4654,0.0008,1
University,Community Center,0.0,0.0,0.0008,1
University,Hair and Beauty,0.0,0.0,0.0016,2
University,Hotel,0.0,0.0,0.0008,1
University,Legal Service,0.0,0.0,0.0016,2
University,Other Healthcare,0.0,0.0,0.0008,1
Veterinarian,Veterinarian,1.0,1.0,1.0,3136
Veterinarian,Pet Store,0.8868,0.8868,0.014,44
Veterinarian,Animal Shelter,0.7104,0.7104,0.0054,17
Veterinarian,Recreation,0.6471,0.6471,0.001,3
Veterinarian,Hair and Beauty,0.5904,0.5904,0.0,0
Veterinarian,Massage Therapy,0.5291,0.5291,0.0,0
Veterinarian,Tattoo and Piercing,0.4493,0.4493,0.0,0
Veterinarian,Other Healthcare,0.4034,0.4034,0.0003,1
Veterinarian,Other Amenity,0.3998,0.3998,0.0,0
Veterinarian,Fast Food,0.3989,0.3989,0.0,0
Veterinarian,Other Professional,0.3922,0.3922,0.0,0
Veterinarian,Specialty Store,0.3632,0.3632,0.0,0
Veterinarian,Fitness Center,0.3595,0.3595,0.0,0
Veterinarian,Clinic,0.0,0.0,0.0003,1
Wholesale Store,Wholesale Store,1.0,1.0,1.0,347
Wholesale Store,Supermarket,0.4844,0.3072,0.5735,199
Wholesale Store,Other Shop,0.4157,0.4157,0.0058,2
Wholesale Store,Specialty Store,0.3835,0.3835,0.0576,20
Wholesale Store,Clothing Store,0.3407,0.3407,0.0086,3
Wholesale Store,Hardware,0.3407,0.3407,0.0432,15
Wholesale Store,Car Dealer,0.3239,0.3239,0.0029,1
Wholesale Store,Convenience Store,0.3088,0.3088,0.0029,1
Wholesale Store,Florist,0.3084,0.3084,0.0058,2
Wholesale Store,Thrift Store,0.3043,0.3043,0.0029,1
Wholesale Store,Sports Outlet,0.2989,0.2989,0.0,0
Wholesale Store,Car Repair,0.2979,0.2979,0.0058,2
Wholesale Store,Cell Phone Store,0.2958,0.2958,0.0259,9
Wholesale Store,Discount Store,0.2953,0.2953,0.0202,7
Wholesale Store,Furniture Store,0.2933,0.2933,0.0058,2
Wholesale Store,Pharmacy,0.2932,0.2932,0.0115,4
Wholesale Store,Jewelry Store,0.2914,0.2914,0.0,0
Wholesale Store,Bookstore,0.2884,0.2884,0.0,0
Wholesale Store,Liquor Store,0.2834,0.2834,0.0029,1
Wholesale Store,Garden Store,0.2798,0.2798,0.0086,3
Wholesale Store,Shoe Store,0.2795,0.2795,0.0029,1
Wholesale Store,Pet Store,0.278,0.278,0.0058,2
Wholesale Store,Market,0.2746,0.2746,0.0,0
Wholesale Store,Farmers Market,0.2723,0.2723,0.0,0
Wholesale Store,Shopping Center,0.2721,0.2721,0.0,0
Wholesale Store,Eye Care,0.2647,0.2647,0.0,0
Wholesale Store,Bike shop,0.2584,0.2584,0.0,0
Wholesale Store,Cannabis Dispensary,0.2509,0.2509,0.0029,1
Wholesale Store,Bakery,0.0004,0.0,0.0115,4
Wholesale Store,Home Service,0.0,0.0,0.0029,1
Wholesale Store,Real Estate,0.0,0.0,0.0029,1
